text,date
Booking.com 최대 12% 캐시백,2019.12.09 ~ 2020.02.09
"새해, 빛나는 유럽 쇼핑",2020.01.18 ~ 2020.02.09
"18만원 청구할인 혜택 스마트폰 구입, 스마트 하게!",2020.01.01 ~ 2020.01.31
2020년 무신사 할인혜택,2020.01.20 ~ 2020.01.31
2020년에도 외국어가 안되면 역시 시원스쿨!,2020.01.01 ~ 2020.01.31
Happy New Year 2020! 세뱃돈을 쏩니다!,2020.01.02 ~ 2020.01.31
KB국민 롯데월드 제휴카드 종합이용권 할인 이벤트,2020.01.01 ~ 2020.01.31
KB국민 마스터카드 해외이용수수료 전액 포인트리 지급,2020.01.01 ~ 2020.01.31
KB국민 비자카드 해외이용수수료 전액 포인트리 지급,2020.01.01 ~ 2020.01.31
KB국민 유니온페이카드 해외이용수수료 전액 포인트리 지급,2020.01.01 ~ 2020.01.31
KB국민기업카드 APP 출시기념 이벤트!,2019.12.23 ~ 2020.01.31
"KB국민카드 간편추천 추천하면 나는 5만원, 친구는 연회비 캐시백",2020.01.01 ~ 2020.01.31
PUSH 동의하세요! 최대 30만원 캐시백!,2019.01.06 ~ 2020.01.31
[월간 KB체크] 1월 '새 출발',2020.01.01 ~ 2020.01.31
"가온플래티늄, BeV Ⅲ, BeV V 카드 온라인 발급 회원 연회비 최대 5만원 캐시백",2020.01.01 ~ 2020.01.31
개인사업자 전용 카드 연회비 100% 캐시백,2020.01.01 ~ 2020.01.31
도심 온천스파 1300 OPEN 웅진플레이도시 만원의 행복!,2019.12.21 ~ 2020.01.31
라이프샵 여행 해외호텔 최대 10% 할인,2020.01.02 ~ 2020.01.31
라이프샵 컬처 화제의 뮤지컬/전시 더블할인 특가,2020.01.01 ~ 2020.01.31
쇼핑 맛집 브랜디 새해 할인!,2020.01.23 ~ 2020.01.31
심심하면 wavve~ wavve하면 캐시백!,2020.01.01 ~ 2020.01.31
아고다! Flash Sale! 최대 12% 할인!,2020.01.02 ~ 2020.01.31
암웨이 엣모스피어 스카이 공기청정기 10개월 무이자 할부,2019.12.19 ~ 2020.01.31
에버랜드 제휴카드 2020 할인 특가!,2020.01.01 ~ 2020.01.31
"온라인 신규 발급 회원, 연회비 100% 캐시백",2020.01.01 ~ 2020.01.31
왓챠플레이 프리미엄 이용권 출시! 3개월간 월 5천원 할인,2019.12.23 ~ 2020.01.31
체크카드 온라인 신규발급 트리플 혜택!,2020.01.02 ~ 2020.01.31
클릭! 쉽고 빠르고 편리한 KB국민 신용대출!,2020.01.01 ~ 2020.01.31
탄탄대로 오토카드 5만원 캐시백,2020.01.01 ~ 2020.01.31
할인 받고 경품 받는 라이프샵 혜택 여행!,2020.01.02 ~ 2020.01.31
항공권 예약 라이프샵 Easy~ 국제선 항공권 최대 7% 할인,2020.01.06 ~ 2020.01.31
해외렌터카 렌탈카스닷컴 10% 할인,2020.01.02 ~ 2020.01.31
해외에서도 5~2개월 무이자 할부,2020.01.01 ~ 2020.01.31
해외여행 필수품 포켓와이파이 최대 3천원 즉시할인!,2020.01.01 ~ 2020.01.31
해외이용 시 포인트리 최대 4만점!,2020.01.01 ~ 2020.01.31
해외직구 X 비타트라 즉시할인 * 추천상품 특가!,2019.12.30 ~ 2020.01.31
따뜻한 명절 당신께 만큼은 정관장 청구할인,2020.01.03 ~ 2020.01.29
새해 할인쇼핑도 지그재그에서!,2020.01.10 ~ 2020.01.23
쿠팡 2020 설 선물세트 2만원 즉시할인!,2020.01.15 ~ 2020.01.21
대한민국 교육박람회 무료 입장,2020.01.16 ~ 2020.01.18
"커피, 편의점도 Easy on으로 OK~ KB국민 Easy on카드 상품권 혜택!",2019.12.02 ~ 2020.01.13
달콤한 초콜릿 축제! 살롱 뒤 쇼콜라,2020.01.10 ~ 2020.01.12
KB국민 앱카드 교통서비스 런칭 이벤트!,2019.12.09 ~ 2020.01.08
12월의 선물! 해외이용 캐시백 이벤트,2019.12.01 ~ 2019.12.31
"18만원 청구할인 혜택 스마트폰 구입, 스마트 하게!",2019.12.01 ~ 2019.12.31
"3만장 한정, 힙트로 (Hip-Retro)한 레터링 체크카드 출시 이벤트",2019.11.12 ~ 2019.12.31
"5~2, 10개월 무이자할부",2019.10.07 ~ 2019.12.31
Amazon.com X KB국민카드 Adieu 2019 이벤트,2019.12.20 ~ 2019.12.31
BeV Ⅸ 카드 회원 아시아나항공 비즈니스 좌석 할인,2019.09.23 ~ 2019.12.31
"KB국민 Liiv M 카드 이용하고, 캐시백 받고",2019.11.04 ~ 2019.12.31
KB국민 국방(충성)멤버쉽카드 연말연시 최대 50만원 캐시백!,2019.12.01 ~ 2019.12.31
KB국민 롯데월드 제휴카드 종합이용권 할인 이벤트,2019.12.01 ~ 2019.12.31
KB국민 마스터카드 Uber 국내/해외 4개국 할인,2019.07.15 ~ 2019.12.31
KB국민 우수고객님만을 위한 하이원리조트 객실 특별할인!,2019.11.18 ~ 2019.12.31
"KB국민카드 간편추천 추천하면 나는 5만원, 친구는 연회비 캐시백",2019.12.01 ~ 2019.12.31
KB국민카드와 윈도우 체인지 하세요!,2019.11.18 ~ 2019.12.31
KCC홈인테리어 집꾸미고 혜택 받자!,2019.11.16 ~ 2019.12.31
KLPGA 안송이 우승 기념 갤럭시폴드 / 아이폰11 총 237대 증정!,2019.12.01 ~ 2019.12.31
"PUSH 동의하세요! 알림서비스도, 쿠폰 사용도 Easy!",2019.12.06 ~ 2019.12.31
VIP 고객대상 호텔스타(Hotel Star) 「가을&행복」 이벤트,2019.10.11 ~ 2019.12.31
"커피, 편의점도 Easy on으로 OK~ KB국민 Easy on카드 상품권 혜택!",2019.12.02 ~ 2020.01.13
달콤한 초콜릿 축제! 살롱 뒤 쇼콜라,2020.01.10 ~ 2020.01.12
KB국민 앱카드 교통서비스 런칭 이벤트!,2019.12.09 ~ 2020.01.08
12월의 선물! 해외이용 캐시백 이벤트,2019.12.01 ~ 2019.12.31
"18만원 청구할인 혜택 스마트폰 구입, 스마트 하게!",2019.12.01 ~ 2019.12.31
"3만장 한정, 힙트로 (Hip-Retro)한 레터링 체크카드 출시 이벤트",2019.11.12 ~ 2019.12.31
"5~2, 10개월 무이자할부",2019.10.07 ~ 2019.12.31
Amazon.com X KB국민카드 Adieu 2019 이벤트,2019.12.20 ~ 2019.12.31
BeV Ⅸ 카드 회원 아시아나항공 비즈니스 좌석 할인,2019.09.23 ~ 2019.12.31
"KB국민 Liiv M 카드 이용하고, 캐시백 받고",2019.11.04 ~ 2019.12.31
KB국민 국방(충성)멤버쉽카드 연말연시 최대 50만원 캐시백!,2019.12.01 ~ 2019.12.31
KB국민 롯데월드 제휴카드 종합이용권 할인 이벤트,2019.12.01 ~ 2019.12.31
KB국민 마스터카드 Uber 국내/해외 4개국 할인,2019.07.15 ~ 2019.12.31
KB국민 우수고객님만을 위한 하이원리조트 객실 특별할인!,2019.11.18 ~ 2019.12.31
"KB국민카드 간편추천 추천하면 나는 5만원, 친구는 연회비 캐시백",2019.12.01 ~ 2019.12.31
KB국민카드와 윈도우 체인지 하세요!,2019.11.18 ~ 2019.12.31
KCC홈인테리어 집꾸미고 혜택 받자!,2019.11.16 ~ 2019.12.31
KLPGA 안송이 우승 기념 갤럭시폴드 / 아이폰11 총 237대 증정!,2019.12.01 ~ 2019.12.31
"PUSH 동의하세요! 알림서비스도, 쿠폰 사용도 Easy!",2019.12.06 ~ 2019.12.31
VIP 고객대상 호텔스타(Hotel Star) 「가을&행복」 이벤트,2019.10.11 ~ 2019.12.31
아고다! Flash Sale! 최대 12% 할인!,2019.12.01 ~ 2019.12.31
연말 할인 공연 추천!,2019.12.02 ~ 2019.12.31
"온라인 신규 발급 회원, 연회비 100% 캐시백",2019.12.01 ~ 2019.12.31
외국어가 안되면 역시 시원스쿨!,2019.12.05 ~ 2019.12.31
익스피디아 10% 할인,2019.11.01 ~ 2019.12.31
인싸들의 해외여행 꿀팁! Liiv Mate로 한번에!,2019.11.01 ~ 2019.12.31
잊지 못할 크리스마스 유럽 명품 아울렛 쇼핑,2019.11.14 ~ 2019.12.31
자동으로 혜택 받는 4대 사회보험 자동납부,2019.12.01 ~ 2019.12.31
전기차 충전은 KB국민 그린카드! 50% 캐시백 이거슨 맞지~!,2019.10.07 ~ 2019.12.31
지방세가 물어다 주는 포인트리 체크카드 지방세 결제 이벤트,2019.07.12 ~ 2019.12.31
체크카드 온라인 신규발급 트리플 혜택!,2019.12.02 ~ 2019.12.31
초중고학교납입금(스쿨뱅킹) 자동납부 혜택,2019.11.01 ~ 2019.12.31
"출시! KB 라이프샵폰 18만원 청구할인, 포인트리 5만점 적립",2019.11.01 ~ 2019.12.31
클릭! 쉽고 빠르고 편리한 KB국민 신용대출!,2019.12.01 ~ 2019.12.31
탄탄대로 오토카드 5만원 캐시백,2019.12.01 ~ 2019.12.31
학원비 최대 4만원 캐시백,2019.12.01 ~ 2019.12.31
한국타이어 특정상품 할인 및 사은품 혜택,2019.11.21 ~ 2019.12.31
한샘 키친&바스와 함께하는 리모델링 혜택!,2019.10.01 ~ 2019.12.31
합리적인 행복생활 라이프샵 해외여행 더블 혜택 찬스,2019.12.02 ~ 2019.12.31
해외렌터카 렌탈카스닷컴 10% 할인,2019.12.01 ~ 2019.12.31
해외수수료 아끼는 법! 유니온페이가 정답!,2019.01.01 ~ 2019.12.31
해외에서도 5~2개월 무이자 할부,2019.12.01 ~ 2019.12.31
해외직구X테일리스트 즉시할인 & 추천상품 특가,2019.11.13 ~ 2019.12.31
"현대리바트 몰 맘에 드는 공간, 맘 편한 무이자 할부",2019.10.18 ~ 2019.12.31
호텔스닷컴 15% 할인 + 호텔스닷컴 바우처,2019.11.01 ~ 2019.12.30
[월간 KB체크] 12월 '주말',2019.12.06 ~ 2019.12.29
No pay! No gain! 간편결제 캐시백 시즌 3,2019.11.22 ~ 2019.12.22
끝내주는 2019 웨딩세일! 아이웨딩의 아이위크,2019.11.29 ~ 2019.12.22
아듀 2019~ 목표 달성 캐시백!,2019.11.21 ~ 2019.12.20
체크카드 쓰고 받자! 13월의 월급,2019.11.11 ~ 2019.12.20
항공권 예약 라이프샵 Easy~ 국제선 항공권 최대 10% 할인,2019.12.03 ~ 2019.12.20
KB국민카드와 함께하는 미리 브랜디마스! 2천원 즉시할인 선물!,2019.12.13 ~ 2019.12.19
크리스마스 맞이 Apple 전제품 10% 캐시백,2019.12.09 ~ 2019.12.17
VIP회원 무비스타(Movie Star)! 『천문 : 하늘에 묻는다』,2019.12.11 ~ 2019.12.16
"리브모바일 (Liiv M), 더 알뜰하게 시작하는 방법",2019.11.04 ~ 2019.12.16
꿀잠 에이스침대 5만원 신세계 상품권 꿀이득!,2019.11.16 ~ 2019.12.15
KB국민 Easy fly 티타늄카드 최대 3만원 캐시백!,2019.10.23 ~ 2019.12.13
"먹는 기쁨 받는 즐거움,KB국민 Easy on카드 상품권 혜택!",2019.11.01 ~ 2019.12.13
지그재그에서 쇼핑하면? 최대 1만원 할인!,2019.12.02 ~ 2019.12.12
해외직구X몰리(mallree) 라이프샵 최대 $10 보너스 캐시백!,2019.11.13 ~ 2019.12.12
"연말엔 더 챙겨드릴게요, 정관장 눈건강 캡슐 증정 혜택",2019.11.20 ~ 2019.12.10
"끝나지 않는 할인혜택, 무신사 아우터페스티벌 시즌2!",2019.12.01 ~ 2019.12.09
광군절 & 블랙프라이데이 알리익스프레스 최대 US$15 할인,2019.11.11 ~ 2019.12.06
뮤지컬 <아이다> 1+1 티켓 이벤트,2019.11.08 ~ 2019.12.06
Amazon.com X KB국민카드 블랙프라이데이 이벤트!,2019.11.25 ~ 2019.12.03
"18만원 청구할인 혜택 스마트폰 구입, 스마트 하게!",2019.11.01 ~ 2019.11.30
2019 해외직구 Global Festa!,2019.11.01 ~ 2019.11.30
Apple 공인리셀러 X KB국민카드 KB에서만 받을 수 있는 Apple 할인 혜택!,2019.10.18 ~ 2019.11.30
Booking.com 최대 10% 캐시백,2019.10.01 ~ 2019.11.30
KB국민 UPI와 함께하는 해외직구 캐시백,2019.11.01 ~ 2019.11.30
KB국민 군인연금증 신용카드로 10만원 이상 이용하면 캐시백!,2019.09.01 ~ 2019.11.30
KB국민 롯데월드 제휴카드 종합이용권 할인 이벤트,2019.11.01 ~ 2019.11.30
KB국민 마스터카드 해외이용수수료 캐시백,2019.11.01 ~ 2019.11.30
KB국민 비자카드 해외이용수수료 캐시백,2019.11.01 ~ 2019.11.30
KB국민 유니온페이카드 해외여행 캐시백,2019.11.01 ~ 2019.11.30
KB국민 유니온페이카드 해외이용수수료 캐시백,2019.11.01 ~ 2019.11.30
KB국민카드 X 무신사 무신사 567 할인이벤트,2019.11.01 ~ 2019.11.30
"KB국민카드 간편추천 추천하면 나는 5만원, 친구는 연회비 캐시백",2019.11.01 ~ 2019.11.30
KB국민카드 스타샵 November Festa! 최대 10만점 추가 적립!,2019.10.28 ~ 2019.11.30
PUSH 동의하세요! 최대 30만원 캐시백!,2019.11.01 ~ 2019.11.30
UNIONE에서 학원비 결제하면 최대 2만원 캐시백!,2019.11.16 ~ 2019.11.30
"가온플래티늄, BeV Ⅲ, BeV V 카드 온라인 발급 회원 연회비 최대 5만원 캐시백",2019.11.01 ~ 2019.11.30
개인사업자 전용카드 연회비 100% 캐시백,2019.11.01 ~ 2019.11.30
고등학교 학생증 체크카드 하이! 스쿨 2019 시즌 2,2019.10.07 ~ 2019.11.30
군대 갔다오니 좋다! 나라사랑카드 특별한 혜택,2019.11.01 ~ 2019.11.30
대표님의 가을 풍성한 경품 이벤트,2019.10.17 ~ 2019.11.30
"라이프샵 골프 티스캐너에서 쿠폰받고, 할인가로 부킹!",2019.10.16 ~ 2019.11.30
방탄소년단 체크카드를 Get it ! 경품이벤트,2019.10.14 ~ 2019.11.30
아고다 11월 할인,2019.11.01 ~ 2019.11.30
"온라인 신규 발급 회원, 연회비 100% 캐시백",2019.11.01 ~ 2019.11.30
외국어가 안되면 역시 시원스쿨!,2019.11.01 ~ 2019.11.30
월간 KB체크 11월 <출석 체크>,2019.11.01 ~ 2019.11.30
응모하고 나라사랑카드로 30만원 이상 이용하면 최대 100만원?!,2019.11.08 ~ 2019.11.30
"인기 뮤지컬, 콘서트 할인예매!",2019.11.04 ~ 2019.11.30
자동으로 혜택 받는 4대 사회보험 자동납부,2019.11.01 ~ 2019.11.30
체크카드 2019 컬쳐 브리즈 뮤지컬 레베카 초대,2019.11.07 ~ 2019.11.30
클릭! 다가오는 추위를 녹여줄 따뜻한 온라인쇼핑 할인 혜택,2019.11.19 ~ 2019.11.30
클릭! 쉽고 빠르고 편리한 KB국민 신용대출!,2019.11.01 ~ 2019.11.30
탄탄대로 오토카드 5만원 캐시백,2019.11.01 ~ 2019.11.30
학원비 최대 4만원 캐시백,2019.10.01 ~ 2019.11.30
해외렌터카 렌탈카스닷컴 10% 할인,2019.11.01 ~ 2019.11.30
해외에서도 5~2개월 무이자 할부,2019.11.01 ~ 2019.11.30
"해외직구, KB국민카드 X 캐치패션 최대 13% 캐시백",2019.11.11 ~ 2019.11.30
라이프샵 여행 해외호텔 최대 10% 할인,2019.11.01 ~ 2019.11.29
체크카드 온라인 신규발급 트리플 혜택!,2019.11.01 ~ 2019.11.29
합리적인 행복생활 라이프샵 해외여행 더블 혜택 찬스,2019.11.01 ~ 2019.11.29
항공권 예약 라이프샵 Easy~ 국제선 항공권 최대 10% 할인,2019.11.01 ~ 2019.11.29
유니온페이 카드 Global 혜택,2019.08.23 ~ 2019.11.20
한국타이어 특정상품 할인 및 사은품 증정 행사,2019.10.21 ~ 2019.11.20
Amazon.com X KB국민카드 아마존 제휴 기념 이벤트,2019.10.21 ~ 2019.11.17
드디어 시작된 광군제! 배송대행비 US$10 할인,2019.11.08 ~ 2019.11.17
원마운트 만원의 행복,2019.09.30 ~ 2019.11.17
KCC홈인테리어 집꾸미고 혜택 받자!,2019.09.16 ~ 2019.11.15
KB국민 나라사랑체크카드로 벅스에서 결제하면 경품이 와르르!,2019.10.15 ~ 2019.11.14
"LG전자 혼수가전, 할인+적립까지 다 가전~",2019.11.08 ~ 2019.11.14
VIP회원 무비스타(Movie Star)! 『겨울왕국 2』,2019.11.07 ~ 2019.11.11
2019 서울 경향하우징 페어 무료입장,2019.11.07 ~ 2019.11.10
now 선착순! 댕댕이 사료 특가,2019.10.24 ~ 2019.11.10
찬 바람 불 땐.. KB국민체크,2019.10.17 ~ 2019.11.06
"18만원 청구할인 혜택 스마트폰 구입, 스마트 하게!",2019.10.01 ~ 2019.10.31
2019 Global Festa!,2019.10.01 ~ 2019.10.31
80명의 행운! KB국민 Easy fly 티타늄카드로 캐리어부터 1만원 캐시백까지!,2019.09.09 ~ 2019.10.31
KB국민 롯데월드 제휴카드 종합이용권 할인 이벤트,2019.10.01 ~ 2019.10.31
KB국민 마스터카드 해외이용수수료 캐시백,2019.10.01 ~ 2019.10.31
KB국민 비자카드 해외이용수수료 캐시백,2019.10.01 ~ 2019.10.31
KB국민 아멕스카드 매치스패션 10% 캐시백,2019.10.01 ~ 2019.10.31
"KB국민 앱카드 신규회원 스타벅스 5,000원 모바일 쿠폰",2019.10.01 ~ 2019.10.31
KB국민 유니온페이카드 해외이용수수료 캐시백,2019.10.01 ~ 2019.10.31
KB국민카드 X PAYCO 캐시백 꿀 충전!,2019.10.07 ~ 2019.10.31
KB국민카드 X SAMSUNGPAY 캐시백 충전 프로젝트,2019.10.07 ~ 2019.10.31
"KB국민카드 간편추천 추천하면 나는 5만원, 친구는 연회비 캐시백",2019.10.01 ~ 2019.10.31
KT로밍에그 20% 할인,2019.05.01 ~ 2019.10.31
"PUSH 동의하세요! 알림서비스도, 쿠폰 사용도 Easy!",2019.10.01 ~ 2019.10.31
Pre-블프 몰테일 배송대행비 $5 할인,2019.10.01 ~ 2019.10.31
YOOX.COM 육스닷컴 최대 15% 즉시 할인,2019.10.10 ~ 2019.10.31
"가온플래티늄, BeV Ⅲ, BeV V 카드 온라인 발급 회원 연회비 최대 5만원 캐시백",2019.10.01 ~ 2019.10.31
가을시즌 해외여행 캐시백,2019.10.01 ~ 2019.10.31
개인사업자 전용 카드 연회비 100% 캐시백,2019.10.01 ~ 2019.10.31
공연예매는 라이프샵 컬처에서~!,2019.10.01 ~ 2019.10.31
군대 갔다오니 좋다! 나라사랑카드 특별한 혜택,2019.10.01 ~ 2019.10.31
낙엽 쌓이는 가을 포인트리는 더 쌓인다!,2019.09.25 ~ 2019.10.31
"도시가스요금 자동납부 3,000원 캐시백",2019.10.01 ~ 2019.10.31
등록하GO! 캐시백 받GO! 마스터패스 신규 등록하면 3천원 캐시백!,2019.10.01 ~ 2019.10.31
라이프샵 여행 해외호텔 최대 10% 할인,2019.10.01 ~ 2019.10.31
레진코믹스 X Liiv Mate 최대 29코인 받아가세요!,2019.10.01 ~ 2019.10.31
"명품 구매는 필웨이, 최대 2만5천원 즉시할인!",2019.10.17 ~ 2019.10.31
"반려동물, 사랑한다면 메리츠 펫보험 자동납부",2019.10.01 ~ 2019.10.31
"서울랜드 자유이용권, 너랑 나랑 더블 할인!",2019.08.31 ~ 2019.10.31
"세계 어딜 가든, 아시아나항공 전노선 5% 캐시백",2019.09.18 ~ 2019.10.31
스피드메이트 타이어 / 정비 최대 30% 할인,2019.10.01 ~ 2019.10.31
신청! 캐시백 받는 아파트관리비 자동납부,2019.09.01 ~ 2019.10.31
아고다 전세계 호텔 10% 할인,2019.09.01 ~ 2019.10.31
"온라인 신규 발급 회원, 연회비 100% 캐시백",2019.10.01 ~ 2019.10.31
월간 KB체크 10월 [쇼핑],2019.10.01 ~ 2019.10.31
익스피디아 15% 할인,2019.09.01 ~ 2019.10.31
자동으로 혜택 받는 4대 사회보험 자동납부,2019.10.01 ~ 2019.10.31
전 세계 T Galleria DFS에서의 특별 혜택,2018.11.01 ~ 2019.10.31
전기차 충전은 KB국민 그린카드! 50% 캐시백 이거슨 맞지~!,2019.10.07 ~ 2019.10.31
체크카드 온라인 신규발급 트리플 혜택!,2019.10.01 ~ 2019.10.31
체크카드 추천 이벤트 추천하고 발급하면 편의점 만원 쏜다!,2019.10.01 ~ 2019.10.31
"체크카드, 롯데월드 아쿠아리움 현장할인",2019.07.22 ~ 2019.10.31
초중고학교납입금(스쿨뱅킹) 자동납부 혜택,2019.10.01 ~ 2019.10.31
"출시! KB 라이프샵폰 18만원 청구할인, 포인트리 5만점 적립",2019.08.05 ~ 2019.10.31
클릭! 쉽고 빠르고 편리한 KB국민 신용대출!,2019.10.01 ~ 2019.10.31
탄탄대로 오토카드 5만원 캐시백,2019.10.01 ~ 2019.10.31
합리적인 행복생활 라이프샵 해외여행 더블 혜택 찬스,2019.10.01 ~ 2019.10.31
항공권 예약 라이프샵 Easy~ 국제선 항공권 최대 10% 할인,2019.10.01 ~ 2019.10.31
해외렌터카 렌탈카스닷컴 8% 할인,2019.10.01 ~ 2019.10.31
해외에서도 5~2개월 무이자 할부,2019.10.01 ~ 2019.10.31
해외직구 X 비타트라 즉시할인 * 추천상품 특가!,2019.09.18 ~ 2019.10.31
호텔스닷컴 최대 15% 할인,2019.09.01 ~ 2019.10.31
그린카드로 전기차 충전! 캐시백도 충전!,2019.07.22 ~ 2019.10.21
2019 밸런스 페스티벌 무료입장,2019.10.18 ~ 2019.10.20
카카오페이 KB국민체크카드 경품 이벤트!,2019.08.19 ~ 2019.10.18
"명품 구매는 필웨이, 최대 1만5천원 즉시할인!",2019.10.01 ~ 2019.10.16
영어가 안되면 KB국민카드와 시원스쿨!,2019.10.11 ~ 2019.10.14
「KB국민 나라사랑카드」땡큐~! 솔져 이벤트,2019.09.30 ~ 2019.10.13
유럽 아울렛 더 비스터 빌리지 쇼핑 컬렉션 가을 우대 혜택,2019.09.07 ~ 2019.10.06
전국민 웨딩 할인기간! 아이웨딩의 아이위크,2019.09.27 ~ 2019.10.06
"18만원 청구할인! 스마트폰 구입, 스마트 하게!",2019.09.01 ~ 2019.09.30
Apple 카드 등록 + 원화 결제 = 3천원 캐시백,2019.08.22 ~ 2019.09.30
Booking.com 최대 10% 캐시백,2019.07.22 ~ 2019.09.30
KB국민 국방(충성)멤버쉽카드 중추절 최대 50만원 캐시백!,2019.09.01 ~ 2019.09.30
KB국민 마스터카드 해외이용수수료 캐시백,2019.09.01 ~ 2019.09.30
KB국민 비자카드 해외이용수수료 캐시백,2019.09.01 ~ 2019.09.30
"KB국민 앱카드 신규회원 스타벅스 5,000원 모바일 쿠폰",2019.09.01 ~ 2019.09.30
KB국민카드 X NPAY 네이버페이 쓰고 포인트리 충전!,2019.09.01 ~ 2019.09.30
KB국민카드 X SmilePay 스마일페이 쓰고 캐시백 받고~,2019.09.01 ~ 2019.09.30
"KB국민카드 간편추천 추천하면 나는 5만원, 친구는 연회비 캐시백",2019.09.01 ~ 2019.09.30
SEA LIFE 부산아쿠아리움 현장 할인 이벤트,2019.07.29 ~ 2019.09.30
"가온플래티늄, BeV Ⅲ, BeV V 카드 온라인 발급 회원 연회비 최대 5만원 캐시백",2019.09.02 ~ 2019.09.30
가을에도 공연할인은 라이프샵 컬처에서!,2019.09.01 ~ 2019.09.30
개인사업자 전용 카드 연회비 100% 캐시백,2019.09.01 ~ 2019.09.30
국가별 캐시백 3탄! 아시아 5개국,2019.08.19 ~ 2019.09.30
군대 갔다오니 좋다! 나라사랑카드 특별한 혜택,2019.09.01 ~ 2019.09.30
"도시가스요금 자동납부 3,000원 캐시백",2019.09.01 ~ 2019.09.30
등록하GO! 캐시백 받GO! 마스터패스 신규 등록하면 3천원 캐시백!,2019.09.01 ~ 2019.09.30
라이프샵 여행 해외호텔 최대 10% 할인,2019.09.02 ~ 2019.09.30
레진코믹스 X Liiv Mate 최대 29코인 받아가세요!,2019.07.01 ~ 2019.09.30
말만하면 랩이 된다고? 디지털랩이지,2019.08.14 ~ 2019.09.30
무거운 세금 무이자로 가볍게!,2019.09.01 ~ 2019.09.30
"반려동물, 사랑한다면 메리츠 펫보험 자동납부",2019.08.07 ~ 2019.09.30
"온라인 신규 발급 회원, 연회비 100% 캐시백",2019.09.01 ~ 2019.09.30
음악... 좋아하세요? Apple Music 3개월 무료 + 추가 3개월 캐시백,2019.09.01 ~ 2019.09.30
자동으로 혜택 받는 4대 사회보험 자동납부,2019.09.01 ~ 2019.09.30
짜릿한 선택! 전기요금 자동납부 캐시백 이벤트,2019.09.01 ~ 2019.09.30
체크카드 온라인 신규발급 트리플 혜택!,2019.09.02 ~ 2019.09.30
체크카드 직장인 카페인 수혈 지원 이벤트,2019.09.02 ~ 2019.09.30
초중고학교납입금(스쿨뱅킹) 자동납부 캐시백 & 경품 혜택,2019.08.26 ~ 2019.09.30
클릭! 쉽고 빠르고 편리한 KB국민 신용대출!,2019.09.01 ~ 2019.09.30
탄탄대로 오토카드 5만원 캐시백,2019.09.01 ~ 2019.09.30
학원비 최대 4만원 캐시백,2019.08.01 ~ 2019.09.30
합리적인 행복생활 라이프샵 해외여행 더블 혜택 찬스,2019.09.01 ~ 2019.09.30
항공권 예약도 라이프샵 Easy 국제선 항공권 최대 10%할인,2019.09.02 ~ 2019.09.30
해외렌터카 렌탈카스닷컴 10% 할인,2019.08.19 ~ 2019.09.30
해외에서도 5~2개월 무이자 할부,2019.09.01 ~ 2019.09.30
2019 부산 경향하우징페어 / 리빙앤라이프스타일,2019.09.26 ~ 2019.09.29
2019 대구 경향하우징페어 무료입장,2019.09.19 ~ 2019.09.22
체크카드 신학기 준비 캐시백 이벤트,2019.08.20 ~ 2019.09.19
따뜻한 추석 정관장 청구할인,2019.08.23 ~ 2019.09.16
KB국민 나라사랑카드 여기어때 런칭 프로모션,2019.09.03 ~ 2019.09.15
"기아, NC, 한화, 두산 소리질러~! 프로야구 할인",2019.03.11 ~ 2019.09.13
"다양한 경품 팡팡! 여름, 여행, 여가는 KB국민 Visa 체크와!",2019.07.15 ~ 2019.09.13
"5~2, 10개월 무이자할부",2019.07.01 ~ 2019.09.10
KB국민카드 X 듀오 미팅파티 '마음에 들다',2019.08.07 ~ 2019.09.10
KB국민카드가 체크카드 맛집! 체크카드 친구 추천 이벤트,2019.08.19 ~ 2019.09.10
추석맞이 주유비 지원해 주유~,2019.08.19 ~ 2019.09.10
"「KB국민카드 앱」에 로그인하고 포인트 5,000점!",2019.08.22 ~ 2019.09.08
KB국민 나라사랑체크카드 쓰면 캐시백 팡팡!,2019.08.07 ~ 2019.09.06
Trip.com 호텔 예약 10% 즉시 할인,2019.07.15 ~ 2019.09.04
"18만원 청구할인! 스마트폰 구입, 스마트 하게!",2019.08.01 ~ 2019.08.31
2019 Hot Global Festa!,2019.07.15 ~ 2019.08.31
2019 SUMMER FESTIVAL,2019.07.10 ~ 2019.08.31
GS25 편의점에서 나라사랑체크카드 쓰면 불닭볶음면 증정!,2019.08.16 ~ 2019.08.31
HOT한 공연할인과 함께 COOL~한 여름!,2019.08.01 ~ 2019.08.31
KB RAPBEAT FESTIVAL! KB 랩비트페스티벌 초대권 증정 이벤트,2019.08.19 ~ 2019.08.31
KB국민 Easy fly 티타늄카드로 무료항공권부터 달러북까지!,2019.07.22 ~ 2019.08.31
KB국민 골든대로 체크카드 출시 기념 이벤트,2019.06.25 ~ 2019.08.31
KB국민 마스터카드 해외이용수수료 캐시백,2019.08.01 ~ 2019.08.31
KB국민 비자카드 해외이용수수료 캐시백,2019.08.01 ~ 2019.08.31
"KB국민 앱카드 신규회원 최대 10,000점 포인트리 적립",2019.08.01 ~ 2019.08.31
KB국민카드 X L.PAY L.Pay 캐시백 프로젝트,2019.08.01 ~ 2019.08.31
KB국민카드 X SAMSUNGPAY 캐시백 받는 꿀팁!,2019.08.01 ~ 2019.08.31
"KB국민카드 X 오션월드 성인은 특가, 7살까진 무료!",2019.06.29 ~ 2019.08.31
VIP 고객대상 호텔스타(Hotel Star) 로맨틱 Summer 이벤트,2019.07.01 ~ 2019.08.31
"VIP고객대상 시원한 여름, 포인트리 Shower 혜택",2019.07.01 ~ 2019.08.31
VIP고객대상 웨스틴 조선호텔 서울 'Frozen Summer' 이벤트,2019.07.05 ~ 2019.08.31
"가온플래티늄, BeV Ⅲ, BeV V 카드 온라인 발급 회원 연회비 최대 5만원 캐시백",2019.08.14 ~ 2019.08.31
개인사업자 전용 카드 연회비 100% 캐시백,2019.08.01 ~ 2019.08.31
공항 라운지 무료로 즐기는 즐거움!,2019.07.10 ~ 2019.08.31
대표님의 여름 시원한 경품 이벤트,2019.07.17 ~ 2019.08.31
"도시가스요금 자동납부 3,000원 캐시백!",2019.07.01 ~ 2019.08.31
마스터패스 신규 등록하면 3천원 캐시백!,2019.08.01 ~ 2019.08.31
"명품 구매는 필웨이, 최대 2만5천원 즉시할인!",2019.08.01 ~ 2019.08.31
무거운 세금 무이자로 가볍게!,2019.07.19 ~ 2019.08.31
스피드메이트 타이어 / 정비 최대 30% 할인,2019.07.01 ~ 2019.08.31
신청! 캐시백 받는 아파트관리비 자동납부,2019.07.01 ~ 2019.08.31
아고다 전세계 호텔 최대 14% 할인,2019.06.01 ~ 2019.08.31
"온라인 신규 발급 회원, 연회비 100% 캐시백",2019.08.01 ~ 2019.08.31
유럽 아울렛 더 비스터 빌리지 쇼핑 컬렉션 우대 혜택,2019.06.01 ~ 2019.08.31
이스타 항공권 1만원 할인,2019.08.06 ~ 2019.08.31
익스피디아 15% 할인,2019.07.01 ~ 2019.08.31
자동으로 혜택 받는 4대 사회보험 자동납부,2019.08.01 ~ 2019.08.31
짜릿한 선택! 전기요금 자동납부 캐시백 이벤트,2019.08.01 ~ 2019.08.31
체크카드 Summer in Check! 5대 업종 캐시백 시즌 2,2019.08.01 ~ 2019.08.31
체크카드 도시의 호캉스 2019,2019.08.05 ~ 2019.08.31
체크카드 온라인 신규발급 트리플 혜택!,2019.08.01 ~ 2019.08.31
"추천하면 나는 5만원, 친구는 연회비 캐시백",2019.08.01 ~ 2019.08.31
클릭! 쉽고 빠르고 편리한 KB국민 신용대출!,2019.08.01 ~ 2019.08.31
클릭! 에어컨 바람처럼 시원한 온라인 할인 혜택!,2019.08.22 ~ 2019.08.31
탄탄대로 오토카드 5만원 캐시백,2019.08.01 ~ 2019.08.31
"한국타이어 신상품 할인, 추가 혜택도 드림!",2019.07.11 ~ 2019.08.31
합리적인 행복생활 라이프샵 해외여행 더블 혜택 찬스,2019.08.01 ~ 2019.08.31
해외에서도 5~2개월 무이자 할부,2019.08.01 ~ 2019.08.31
호텔스닷컴 최대 15% 할인,2019.06.01 ~ 2019.08.31
휴가비 걱정 NO! 포인트리로 쏠게요!,2019.08.01 ~ 2019.08.31
라이프샵 여행 해외호텔 최대 10% 할인,2019.08.01 ~ 2019.08.30
항공권 예약도 라이프샵 Easy 국제선 항공권 최대 10%할인,2019.08.01 ~ 2019.08.30
PUSH 동의하세요! 시원하게 쏩니다!,2019.08.05 ~ 2019.08.25
캐비에선 KB국민카드~ 캐리비안베이 50~40% 할인,2019.07.08 ~ 2019.08.25
티웨이항공 전 노선 1만원 할인,2019.08.19 ~ 2019.08.25
8월의 달콤한 혜택! 크리스피 크림 도넛 1+1,2019.08.09 ~ 2019.08.18
여름방학에는 에버랜드에서 놀자,2019.07.10 ~ 2019.08.18
해외렌터카 렌탈카스닷컴 5% 할인,2019.07.01 ~ 2019.08.18
KB국민카드 X 왓챠플레이 3개월 50% 할인,2019.07.18 ~ 2019.08.17
해외직구X몰리(mallree) 라이프샵 최대 $20 보너스 캐시백!,2019.07.17 ~ 2019.08.16
"두둥! 펜타포트 락페! 포인트리 2,000P 소리질러!",2019.07.08 ~ 2019.08.11
제주에서 장보기 꿀팁! 농협하나로마트로 옵서!,2019.07.25 ~ 2019.08.11
티웨이항공 전 노선 2만원 할인,2019.07.22 ~ 2019.08.11
체크카드 소비는 확실한 행복! 고액결제 캐시백 시즌 5,2019.07.08 ~ 2019.08.07
"KB국민카드 앱에 바란다! 리뷰 쓰면 포인트리 1,000점!",2019.07.08 ~ 2019.08.05
이스타 항공권 1만원 할인,2019.07.23 ~ 2019.08.05
"18만원 청구할인! 스마트폰 구입, 스마트 하게!",2019.07.01 ~ 2019.07.31
"BeV Ⅴ, BeV Ⅲ 카드 온라인 신규발급 회원 연회비 최대 5만원 캐시백",2019.07.01 ~ 2019.07.31
HOT SUMMER 공연할인!,2019.07.01 ~ 2019.07.31
"Hot한 선택, Hot한 아이템 Liiv Mate 리그 시즌 개막!",2019.05.01 ~ 2019.07.31
KB국민 군인연금증 신용카드 사용하면 캐시백과 공기청정기가!,2019.06.01 ~ 2019.07.31
KB국민 롯데월드 제휴카드 종합이용권 할인 이벤트,2019.07.01 ~ 2019.07.31
KB국민 마스터카드 해외이용수수료 캐시백,2019.07.01 ~ 2019.07.31
KB국민 비자카드 해외이용수수료 캐시백,2019.07.01 ~ 2019.07.31
"KB국민 앱카드 신규회원 최대 10,000점 포인트리 적립",2019.07.01 ~ 2019.07.31
"PUSH 동의하세요! 알림도, 쿠폰 사용도 Easy!",2019.07.01 ~ 2019.07.31
개인사업자 전용카드 연회비 100%캐시백,2019.07.01 ~ 2019.07.31
갤럭시 KB Star 구매하면 따라오는 착한혜택,2019.07.01 ~ 2019.07.31
라이프샵 스타트업관 오픈 이벤트,2019.06.18 ~ 2019.07.31
라이프샵 여행 해외호텔 최대 10% 할인,2019.07.01 ~ 2019.07.31
맡기면 이렇게 가벼운 걸! 외투보관 서비스 할인,2018.08.01 ~ 2019.07.31
쇼핑은 KB국민카드 가구/결혼업종 최대 3만원 캐시백!,2019.07.01 ~ 2019.07.31
쓰면 쓸수록 휴가비를 돌려드려U!,2019.07.01 ~ 2019.07.31
"온라인 신규 발급 회원, 연회비 100% 캐시백",2019.07.01 ~ 2019.07.31
자동으로 혜택 받는 4대 사회보험 자동납부,2019.07.01 ~ 2019.07.31
짜릿한 선택! 전기요금 자동납부 캐시백 이벤트,2019.07.01 ~ 2019.07.31
체크카드 온라인 신규발급 트리플 혜택!,2019.07.01 ~ 2019.07.31
클릭! 쉽고 빠르고 편리한 KB국민 신용대출!,2019.07.01 ~ 2019.07.31
탄탄대로 오토카드 5만원 캐시백,2019.07.01 ~ 2019.07.31
학원비 최대 4만원 캐시백,2019.06.01 ~ 2019.07.31
한국타이어 더블혜택 최대 20% 할인 + 주유쿠폰,2019.05.01 ~ 2019.07.31
합리적인 행복생활 라이프샵 해외여행 더블 혜택 찬스,2019.07.01 ~ 2019.07.31
항공권 예약 라이프샵에서~국제선 항공권 최대 8% 할인,2019.07.01 ~ 2019.07.31
해외에서도 5~2개월 무이자할부,2019.07.01 ~ 2019.07.31
2019 핸드아티코리아 20% 할인,2019.07.25 ~ 2019.07.28
진에어 진마켓 특가 + 1만원 할인까지!,2019.07.02 ~ 2019.07.28
7월의 달콤한 혜택! 크리스피 크림 도넛 1+1,2019.07.12 ~ 2019.07.21
그린카드로 전기차 충전! 캐시백도 충전!,2019.04.22 ~ 2019.07.21
선착순 득템하시개! 반려애 댕댕이 사료 특가,2019.06.24 ~ 2019.07.19
"VIP 회원, 소노빌리지 객실 특별할인!",2018.12.14 ~ 2019.07.18
"VIP 회원, 소노펠리체 객실 특별할인!",2018.12.14 ~ 2019.07.18
VIP회원 무비스타(Movie Star)! 『사자』,2019.07.11 ~ 2019.07.15
일본우대혜택2 삿포로 드럭스토어 추가할인,2018.08.16 ~ 2019.07.15
체크카드 온라인 신규발급 트리플 혜택!,2019.06.03 ~ 2019.07.15
2019 Summer in 러브油 캠핑 초청,2019.07.01 ~ 2019.07.14
인천펜타포트 락페스티벌 초대권 증정 이벤트,2019.07.01 ~ 2019.07.14
해외직구 X 테일리스트 즉시할인 & 추천상품 특가전!,2019.06.13 ~ 2019.07.14
라이프샵 골프 여름맞이 부킹 이벤트!!,2019.06.12 ~ 2019.07.12
해외직구 X 아이포터 배송비 무료쿠폰!!,2019.07.03 ~ 2019.07.11
KB국민 나라사랑체크카드 고액 결제하면 캐시백 팡팡!,2019.06.19 ~ 2019.07.07
캐비에선 KB국민카드~ 캐리비안베이 1+1,2019.06.01 ~ 2019.07.07
"18만원 청구할인! 스마트폰 구입, 스마트 하게!",2019.06.01 ~ 2019.06.30
19년 롯데마트몰이 처음?! 롯데마트몰 7천원 즉시할인,2019.06.05 ~ 2019.06.30
2019 Summer 시즌 Global Festa!,2019.06.01 ~ 2019.06.30
"BeV Ⅴ, BeV Ⅲ 카드 온라인 신규발급 회원 연회비 최대 5만원 캐시백",2019.06.01 ~ 2019.06.30
HOT한 공연할인은 라이프샵 컬처에서!,2019.06.04 ~ 2019.06.30
KB국민 JCB카드 일본 돈키호테 15% 캐시백,2019.03.01 ~ 2019.06.30
KB국민 국방(충성)멤버쉽카드 호국보훈의 달 최대 50만원 캐시백!,2019.06.01 ~ 2019.06.30
KB국민 롯데월드 제휴카드 종합이용권 할인 이벤트,2019.06.01 ~ 2019.06.30
KB국민 마스터카드 해외이용수수료 캐시백,2019.06.01 ~ 2019.06.30
KB국민 비자카드 해외이용수수료 캐시백,2019.06.01 ~ 2019.06.30
"KB국민 앱카드 신규회원 최대 10,000점 포인트리 적립",2019.06.01 ~ 2019.06.30
KB국민카드 X PAYCO 3천명한테 쏜다! 캐시백 득템!,2019.06.01 ~ 2019.06.30
KB국민카드 X 쿠페이 캐시백 대잔치!,2019.06.01 ~ 2019.06.30
PUSH 동의하세요! 시원하게 스타벅스 커피 쏩니다!,2019.06.03 ~ 2019.06.30
"SKT ADT캡스, 국민카드 라이프샵에서!",2019.06.01 ~ 2019.06.30
Summer in Check! 5대 업종 캐시백 이벤트,2019.06.03 ~ 2019.06.30
Trip.com 호텔 예약 최대 15% 즉시 할인,2019.03.11 ~ 2019.06.30
"VIP고객대상 가족, 친구와 Eat.Play.Love 경품 혜택",2019.05.01 ~ 2019.06.30
VIP고객대상 롯데호텔앤리조트 『The Best Stay!』,2019.05.10 ~ 2019.06.30
VIP고객대상 오크우드 프리미어 인천 호텔 홈페이지 예약 할인!,2019.05.22 ~ 2019.06.30
VIP고객대상 호텔스타(Hotel Star) 『Eat.Play.Love』이벤트,2019.04.25 ~ 2019.06.30
Visa카드와 함께하는 일본 여행 캐시백!,2019.06.01 ~ 2019.06.30
"가격보고 반했다, 타이항공 특가",2019.06.13 ~ 2019.06.30
같이 가면 할인~! 원마운트 2인 입장권 특가,2019.06.01 ~ 2019.06.30
개인사업자 전용 카드 연회비 100% 캐시백,2019.06.01 ~ 2019.06.30
갤럭시 KB Star 구매하면 따라오는 착한혜택,2019.04.01 ~ 2019.06.30
고등학교 학생증 체크카드 하이! 스쿨 2019 시즌1,2019.05.02 ~ 2019.06.30
국가별 캐시백 2탄! 괌/베트남/태국,2019.05.01 ~ 2019.06.30
김해 롯데워터파크 최대 50%할인,2019.06.01 ~ 2019.06.30
"도시가스요금 자동납부 5,000원 캐시백!",2019.05.01 ~ 2019.06.30
"라이프의 포인트를 찍다! Liiv Mate 신규가입 하면 2,000P",2019.03.01 ~ 2019.06.30
레진코믹스 X Liiv Mate 최대 29코인 받아가세요!,2019.04.01 ~ 2019.06.30
무거운 세금 무이자로 가볍게!,2019.06.01 ~ 2019.06.30
생활편의업종 무이자할부,2019.04.01 ~ 2019.06.30
스피드메이트 타이어 / 정비 최대 30% 할인,2019.05.01 ~ 2019.06.30
쓰면 쓸수록 포인트리를 돌려드려U!,2019.06.03 ~ 2019.06.30
아파트관리비 자동납부 캐시백 혜택,2019.05.01 ~ 2019.06.30
"어디서 무얼사든 5~2, 10개월 무이자할부",2019.05.01 ~ 2019.06.30
여름의 시작! 온라인 쇼핑과 함께 해요~,2019.06.10 ~ 2019.06.30
"온라인 신규 발급 회원, 연회비 100% 캐시백",2019.06.01 ~ 2019.06.30
유니온페이 WELCOME 10% 캐시백,2019.04.15 ~ 2019.06.30
자동으로 혜택 받는 4대 사회보험 자동납부,2019.06.01 ~ 2019.06.30
지방세가 물어다 주는 포인트리 체크카드 지방세 결제 이벤트,2019.04.01 ~ 2019.06.30
짜릿한 선택! 전기요금 자동납부 캐시백 이벤트,2019.06.01 ~ 2019.06.30
체크카드 No pay! No gain! 간편결제 캐시백 시즌 2,2019.06.08 ~ 2019.06.30
체크카드 소비는 확실한 행복! 고액결제 캐시백 이벤트 시즌 4,2019.06.01 ~ 2019.06.30
체크카드 이용금액 100% 캐시백 이벤트,2019.06.08 ~ 2019.06.30
초중고학교납입금(스쿨뱅킹) 자동납부 혜택,2019.05.01 ~ 2019.06.30
컬쳐랜드 X Liiv Mate 컬쳐랜드 PIN 2천원 즉시 지급!,2019.04.01 ~ 2019.06.30
클릭! KB국민카드 × CJmall과 함께하는 국민 혜택!,2019.04.09 ~ 2019.06.30
클릭! 쉽고 빠르고 편리한 KB국민 신용대출!,2019.06.01 ~ 2019.06.30
탄탄대로 오토카드 5만원 캐시백,2019.06.01 ~ 2019.06.30
탐난다! 탐앤탐스 커피 사이즈업!,2019.04.01 ~ 2019.06.30
합리적인 행복생활 라이프샵 해외여행 더블 혜택 찬스,2019.06.01 ~ 2019.06.30
해외에서도 5~2개월 무이자할부,2019.06.01 ~ 2019.06.30
2019 스마트테크 코리아 무료입장,2019.06.24 ~ 2019.06.29
2019 시즌 2 체크러시! 매주 금/토 1만원 할인!,2019.04.05 ~ 2019.06.29
POOQ(푹) 월정액 이용권 2천원 캐시백,2019.06.03 ~ 2019.06.28
라이프샵 여행 해외호텔 최대 10% 할인,2019.06.01 ~ 2019.06.28
빨리 떠나보자!! 국제선 항공권 최대 10% 할인,2019.06.03 ~ 2019.06.28
6월의 달콤한 혜택! 크리스피 크림 도넛 1+1,2019.06.14 ~ 2019.06.23
체크카드 Frappe O' Clock,2019.06.01 ~ 2019.06.23
2019 해외 호텔 예약사이트 한 눈에 할인 비교!,2019.01.01 ~ 2019.06.18
비타트라 최대 US$100 할인,2019.06.01 ~ 2019.06.18
VIP회원 무비스타(Movie Star) 「스파이더맨: 파 프롬 홈」,2019.06.12 ~ 2019.06.16
모두투어 『메가세일』 2019년 가장 파격적인 세일~!,2019.05.20 ~ 2019.06.16
아고다 전세계 호텔 10% 할인,2019.05.01 ~ 2019.06.16
호텔스닷컴 최대 15% 할인,2019.06.01 ~ 2019.06.16
6월보다 핫한 박람회 할인 고카프 / 맨즈페스타,2019.06.07 ~ 2019.06.09
파파존스 X 포인트리 국민 행복 콤보 30% 할인,2019.04.08 ~ 2019.06.09
마스터카드 Trip.com 15% 즉시 할인,2019.05.15 ~ 2019.06.03
세상 쉬운 결혼 준비! 아이웨딩의 아이위크,2019.05.24 ~ 2019.06.02
가상/증강현실의 모든것! SEOUL VRAR EXPO,2019.05.30 ~ 2019.06.01
"18만원 청구할인 혜택 스마트폰 구입, 스마트 하게!",2019.05.01 ~ 2019.05.31
5월 라이프샵 해외여행 즉시 할인 혜택,2019.05.01 ~ 2019.05.31
"ADT캡스, 이제 SK텔레콤에서!",2019.04.05 ~ 2019.05.31
"BeV Ⅴ, Ⅲ 카드 온라인 신규발급 회원 연회비 최대 5만원 캐시백",2019.05.01 ~ 2019.05.31
KB국민 롯데월드 제휴카드 종합이용권 할인 이벤트,2019.05.01 ~ 2019.05.31
KB국민 마스터카드 해외이용수수료 캐시백,2019.05.01 ~ 2019.05.31
KB국민 비자카드 해외이용수수료 캐시백,2019.05.01 ~ 2019.05.31
KB국민 아멕스카드 24 Sèvres 15% 캐시백,2019.05.01 ~ 2019.05.31
"KB국민 앱카드 신규회원 최대 10,000점 포인트리 적립",2019.05.01 ~ 2019.05.31
KB국민카드 X SSG페이 포인트리가 쓱(SSG페이)~,2019.05.01 ~ 2019.05.31
KB국민카드 X 타다 최대 4천원 할인,2019.04.15 ~ 2019.05.31
PUSH 동의하세요? CU편의점 쿠폰 득템하는 방법!,2019.05.02 ~ 2019.05.31
Visa카드와 함께하는 일본 여행 캐시백!,2019.05.01 ~ 2019.05.31
가정의 달 혜택! 외식비를 돌려드려U!,2019.05.02 ~ 2019.05.31
가정의달 공연할인도 라이프샵 컬처에서!,2019.05.02 ~ 2019.05.31
개인사업자 전용 카드 연회비 100% 캐시백,2019.05.01 ~ 2019.05.31
김해 롯데워터파크 본인 50%+동반 40% 할인,2019.05.03 ~ 2019.05.31
라이프샵 여행 해외호텔 최대 10% 할인,2019.05.01 ~ 2019.05.31
매일 즐거운 롯데월드 종합이용권/연간이용권 현장할인!,2019.04.20 ~ 2019.05.31
무거운 세금 무이자로 가볍게!,2019.05.01 ~ 2019.05.31
비타트라 최대 US$100 할인,2019.05.01 ~ 2019.05.31
빨리 떠나보자!! 국제선 항공권 최대 10% 할인,2019.04.30 ~ 2019.05.31
새봄맞이 화장품/미용업종 캐시백!,2019.04.19 ~ 2019.05.31
소비는 확실한 행복! 고액결제 캐시백 이벤트 시즌 3,2019.05.02 ~ 2019.05.31
스마트폰명세서 신청하시면 포인트리는 기본! 경품은 덤!,2019.02.01 ~ 2019.05.31
아산스파비스 / 화순아쿠아나 너도 나도 50% 현장할인,2019.05.01 ~ 2019.05.31
"온라인 신규발급 회원, 연회비 100% 캐시백",2019.05.01 ~ 2019.05.31
온라인 심사만으로 OK 중고차 다이렉트 할부상품 출시,2019.03.18 ~ 2019.05.31
유니온페이 프리미엄 호텔 와인 무료 제공 프로모션,2019.05.01 ~ 2019.05.31
유니온페이와 함께하는 러시아 여행,2018.06.01 ~ 2019.05.31
이베이츠 해외직구 보너스 캐시백,2019.05.01 ~ 2019.05.31
익스피디아 13% 할인,2019.04.01 ~ 2019.05.31
자동으로 혜택 받는 4대 사회보험 자동납부,2019.05.01 ~ 2019.05.31
진에어 최대 2만원 할인찬스!,2019.04.17 ~ 2019.05.31
체크카드 Family O' Clock,2019.05.09 ~ 2019.05.31
체크카드 온라인 신규발급 트리플 혜택,2019.05.01 ~ 2019.05.31
"추천하면 나는 5만원, 친구는 연회비 캐시백",2019.05.01 ~ 2019.05.31
카카오페이 KB국민체크카드 혜택만발!,2019.04.04 ~ 2019.05.31
캐리어를 끄는 순간 따라오는 인천공항 할인혜택,2018.06.05 ~ 2019.05.31
쿠폰은 너로 정했다! 골라 받는 혜택!,2019.04.15 ~ 2019.05.31
클릭! 쉽고 빠르고 편리한 KB국민 신용대출!,2019.04.30 ~ 2019.05.31
탄탄대로 Biz 티타늄 카드 추천 캐시백,2019.04.29 ~ 2019.05.31
"풍성한 5월의 선물, 리브메이트 브랜드데이!",2019.05.01 ~ 2019.05.31
학원비 최대 4만원 캐시백,2019.04.01 ~ 2019.05.31
"할인받고, 캐시백받고, 여행갈래?",2019.05.02 ~ 2019.05.31
해외렌터카 렌탈카스닷컴 10% 할인,2019.05.01 ~ 2019.05.31
해외에서도 같은 값이면 5~2개월 무이자할부,2019.04.01 ~ 2019.05.31
해외직구 X 비타트라 즉시할인 * 추천상품 특가!,2019.05.13 ~ 2019.05.31
호텔스닷컴 최대 13% 할인,2019.04.15 ~ 2019.05.31
당신께만큼은 정관장,2019.04.26 ~ 2019.05.21
달콤 향긋한 디저트 축제! 2019 스위트 코리아,2019.05.16 ~ 2019.05.19
5월의 달콤한 혜택! 크리스피 크림 도넛 1+1,2019.05.04 ~ 2019.05.17
마스터카드 부킹닷컴(Booking.com) 8% 할인,2019.03.15 ~ 2019.05.15
해외직구 X 아이포터 배송비 무료쿠폰!!,2019.05.02 ~ 2019.05.15
"VIP고객대상 여행의 시작, 면세쇼핑은 신라아이파크면세점에서!",2019.04.12 ~ 2019.05.12
모두투어‘가정의 달’ 전 국민 알뜰여행 프로젝트~!,2019.03.18 ~ 2019.05.12
무료입장 혜택! 매일경제 창업&프랜차이즈쇼,2019.05.02 ~ 2019.05.04
"18만원 청구할인 혜택 스마트폰 구입, 스마트 하게!",2019.04.01 ~ 2019.04.30
19년 롯데마트몰이 처음?! 롯데마트몰 6천원 즉시할인,2019.04.17 ~ 2019.04.30
4월 라이프샵 하나로 모두가 참좋은 해외패키지 경품!,2019.04.01 ~ 2019.04.30
"BeV Ⅴ, Ⅲ 카드 온라인 신규발급 회원 연회비 최대 5만원 캐시백",2019.04.01 ~ 2019.04.30
KB국민 롯데월드 제휴카드 종합이용권 할인 이벤트,2019.04.01 ~ 2019.04.30
KB국민 마스터카드 해외도 국내처럼 수수료 0원! 해외수수료 전액 캐시백,2019.04.01 ~ 2019.04.30
KB국민 비자카드 해외도 국내처럼 수수료 0원! 해외수수료 전액 캐시백,2019.04.01 ~ 2019.04.30
KB국민 아멕스카드 매치스패션 15% 캐시백,2019.04.01 ~ 2019.04.30
"KB국민 앱카드 신규회원 최대 10,000점 포인트리 적립",2019.04.01 ~ 2019.04.30
KB국민카드 X SAMSUNGPAY 캐시백 받는 꿀팁!,2019.04.01 ~ 2019.04.30
PUSH 동의하세요? CU편의점 쿠폰 득템하는 방법!,2019.04.01 ~ 2019.04.30
VIP고객대상 기대해 봄(Spring)! VIP 스페셜 경품 이벤트,2019.03.01 ~ 2019.04.30
"같은 값이면 5~2, 10개월 무이자할부",2019.03.01 ~ 2019.04.30
개인사업자 전용 카드 연회비 100% 캐시백,2019.04.01 ~ 2019.04.30
국가별 캐시백 1탄! 벚꽃 여행은 일본이지~,2019.04.01 ~ 2019.04.30
군대 갔다오니 좋다! 나라사랑카드 특별한 혜택,2019.04.01 ~ 2019.04.30
"도시가스요금 자동납부 5,000원 캐시백!",2019.03.01 ~ 2019.04.30
라이프샵 여행 리뉴얼 기념 특별 이벤트 다양한 혜택 및 경품 증정,2019.04.01 ~ 2019.04.30
라이프샵 여행 해외호텔 최대 12% 할인,2019.04.01 ~ 2019.04.30
무거운 세금 무이자로 가볍게!,2019.04.01 ~ 2019.04.30
벚꽃 피는 봄 온라인 쇼핑 혜택도 활짝!,2019.04.17 ~ 2019.04.30
"본인+동반1인까지 19,000원 김해 롯데워터파크",2019.03.30 ~ 2019.04.30
봄바람 휘날리며~♬ 흩날리는 나들이 혜택!,2019.04.01 ~ 2019.04.30
빨리 떠나보자!! 라이프샵여행 4월 국제선 항공권 최대 10% 할인 + 경품 혜택 까지!!,2019.04.01 ~ 2019.04.30
새로운 생리습관 먼슬리씽 정기배송 혜택,2019.04.08 ~ 2019.04.30
"서울랜드 자유이용권, 너랑 나랑 더블 할인!",2019.04.01 ~ 2019.04.30
신차를 타는 현명한 방법 새차타GO~ 할인받GO~!,2018.05.01 ~ 2019.04.30
쓰면 쓸수록 혜택이 돌아오는 봄!,2019.04.01 ~ 2019.04.30
아고다 원화결제하고 10% 즉시할인 받자!,2019.04.01 ~ 2019.04.30
"에버랜드 튤립축제, 할인은 기본, 튤립 하나 더!",2019.04.01 ~ 2019.04.30
"온라인 신규발급 회원, 연회비 100% 캐시백",2019.04.01 ~ 2019.04.30
우리집도 캐시백 받자! 아파트관리비 자동납부 혜택,2019.03.01 ~ 2019.04.30
첫 댓글 달면 10P 스토리 댓글 고고!!,2019.04.01 ~ 2019.04.30
체크카드 Love O' Clock,2019.04.10 ~ 2019.04.30
체크카드 온라인 신규발급 트리플 혜택!,2019.04.01 ~ 2019.04.30
체크카드로 신년 계획 리부트!,2019.04.01 ~ 2019.04.30
"추천하면 나는 5만원, 친구는 연회비 캐시백",2019.04.01 ~ 2019.04.30
클릭! 쉽고 빠르고 편리한 KB국민 신용대출!,2019.04.02 ~ 2019.04.30
"탄탄대로 오토카드 25,000원 캐시백",2019.04.01 ~ 2019.04.30
편리함 UP 캐시백 UP 초중고학교납입금 자동납부 이벤트,2019.03.01 ~ 2019.04.30
해외렌터카 렌탈카스닷컴 8% 할인,2019.03.04 ~ 2019.04.30
"따뜻한 4월, 경향하우징페어에 초대합니다",2019.04.04 ~ 2019.04.28
『먹어 봄(Spring)!』 워커힐 스트로베리 애프터눈티 세트 VIP 특별 할인,2019.03.04 ~ 2019.04.26
"딱 열흘만, 롯데시네마 4천원 할인쿠폰 증정!",2019.04.12 ~ 2019.04.21
무료 입장! '코베 베이비페어'에 초대합니다.,2019.04.10 ~ 2019.04.21
무료입장! '매경 창업&프랜차이즈쇼',2019.04.18 ~ 2019.04.20
KB국민카드 X LG페이 5% 청구할인,2019.04.01 ~ 2019.04.15
2019 Spring in 러브油 캠핑 초청 이벤트,2019.04.01 ~ 2019.04.14
무비스타(Movie Star)! 「어벤져스: 엔드게임」,2019.04.10 ~ 2019.04.14
해외직구X몰리(mallree) 라이프샵 리뉴얼기념 최대 $20 보너스 캐시백!,2019.03.11 ~ 2019.04.11
소비는 확실한 행복! 고액 결제 캐시백 시즌 2,2019.03.11 ~ 2019.04.10
체크카드 매일매일 첵첵!,2019.03.11 ~ 2019.04.10
호텔스닷컴 최대 10% 할인,2019.04.01 ~ 2019.04.09
체크카드 Spring Random Box 이벤트,2019.03.19 ~ 2019.04.08
쇼핑은 KB국민카드 가구/결혼업종 최대 3만원 캐시백!,2019.03.08 ~ 2019.04.07
"18만원 청구할인 혜택 스마트폰 구입, 스마트 하게!",2019.03.01 ~ 2019.03.31
2019 호텔스닷컴 최대 15% 할인,2019.01.01 ~ 2019.03.31
2만원 홈플러스 모바일상품권+ 6개월 무이자로 쇼핑을 가볍게 !,2019.03.15 ~ 2019.03.31
3월 라이프샵 하나로 모두가 참좋은 해외패키지 경품!,2019.03.01 ~ 2019.03.31
3월 아고다 할인,2019.03.01 ~ 2019.03.31
"BeV Ⅴ, Ⅲ 카드 온라인 신규발급 회원 연회비 최대 5만원 캐시백",2019.03.01 ~ 2019.03.31
"KB국민 JCB카드 하와이 와이키키
트롤리 무료승차 혜택",2018.01.22 ~ 2019.03.31
KB국민 마스터카드 해외도 국내처럼 수수료 0원! 해외수수료 전액 캐시백,2019.03.01 ~ 2019.03.31
KB국민 비자카드 해외도 국내처럼 수수료 0원! 해외수수료 전액 캐시백,2019.03.01 ~ 2019.03.31
"KB국민 앱카드 신규회원 최대 10,000점 포인트리",2019.03.01 ~ 2019.03.31
KB국민 체크카드 X 학생복지스토어 Apple 제품 3% 캐시백 이벤트,2019.02.18 ~ 2019.03.31
KB국민카드 X 원더페이 생애 첫 결제시 포인트리 페이백,2019.03.01 ~ 2019.03.31
KB국민카드 X 타다 2천원 할인 혜택,2019.02.18 ~ 2019.03.31
KB국민카드만의 익스피디아 15% 할인,2019.02.11 ~ 2019.03.31
No pay! No gain! 간편결제 캐시백 이벤트,2019.03.01 ~ 2019.03.31
PUSH 동의하세요? CU편의점 쿠폰 득템하는 방법!,2019.03.04 ~ 2019.03.31
개인사업자 전용 카드 연회비 100% 캐시백,2019.03.01 ~ 2019.03.31
갤럭시 KB Star 구매하면 따라오는 착한혜택,2019.02.01 ~ 2019.03.31
댕냥아! 케이펫페어 가자,2019.03.29 ~ 2019.03.31
레진코믹스 X Liiv Mate 최대 29코인 받아가세요!,2019.01.01 ~ 2019.03.31
리브메이트 X 롯데월드 두 번째 동시 할인 콜라보!!,2019.03.01 ~ 2019.03.31
무거운 세금 무이자로 가볍게!,2019.03.01 ~ 2019.03.31
반려인이라면 응모필수! 신세계상품권 1만원,2019.03.01 ~ 2019.03.31
봄 바람 타고온 주유 캐시백~!,2019.03.04 ~ 2019.03.31
봄 탈땐 먹으면 돼지!,2019.02.18 ~ 2019.03.31
봄나들이 공연/전시 라이프샵 컬처 예매 할인,2019.03.05 ~ 2019.03.31
봄맞이 새옷 쇼핑 지원 캐시백 이벤트,2019.03.01 ~ 2019.03.31
생활편의업종 무이자할부,2019.03.01 ~ 2019.03.31
"서울랜드 자유이용권, 너랑 나랑 더블 할인!",2019.03.01 ~ 2019.03.31
슈퍼마켓 업종 SUPER 캐시백!,2019.03.08 ~ 2019.03.31
쓰면 쓸수록 돌려드려 봄!,2019.03.04 ~ 2019.03.31
에버랜드 신나는 할인+할인!,2019.03.01 ~ 2019.03.31
예뻐지면 돼지~ 화장품/미용업종 캐시백 돼지!,2019.03.15 ~ 2019.03.31
온라인 쇼핑하면 경품이 쏙 현관 밖은 위험해,2019.02.18 ~ 2019.03.31
"온라인 신규발급 회원, 연회비 100% 캐시백",2019.03.01 ~ 2019.03.31
"이케아로 모이자! 3, 6, 12 무이자!",2019.01.01 ~ 2019.03.31
일본여행의 필수품 JCB카드,2018.07.02 ~ 2019.03.31
"입학을 축하해, 새출발 응원해!",2019.02.25 ~ 2019.03.31
지방세가 물어다 주는 포인트리 체크카드 지방세 결제 이벤트,2019.01.01 ~ 2019.03.31
첫 댓글 달면 10P 스토리 댓글 고고!!,2019.03.01 ~ 2019.03.31
"추천하면 나는 5만원, 친구는 연회비 캐시백",2019.03.01 ~ 2019.03.31
카카오페이 KB국민체크카드 혜택 드려봄!,2019.02.18 ~ 2019.03.31
컬쳐랜드 X Liiv Mate 컬쳐랜드 PIN 2천원 즉시 지급!,2019.01.01 ~ 2019.03.31
클릭! 쉽고 빠르고 편리한 KB국민 중금리론!,2019.03.01 ~ 2019.03.31
"탄탄대로 오토카드 25,000원 캐시백",2019.03.01 ~ 2019.03.31
탐난다! 탐앤탐스 커피 사이즈업!,2019.01.01 ~ 2019.03.31
학원비 최대 4만원 캐시백,2019.02.01 ~ 2019.03.31
해외에서도 같은 값이면 5~2개월 무이자할부,2019.02.01 ~ 2019.03.31
해외이용 혜택 총 집합! Global Festa 2019,2019.02.28 ~ 2019.03.31
해외이용하면 포인트리 최대 10만점!,2019.03.01 ~ 2019.03.31
2019 시즌1 체크러시! 매주 금토 1만원 할인,2019.01.18 ~ 2019.03.30
VIP고객대상 롯데호텔앤리조트 『Hello 2019!』 스페셜 프로모션,2019.01.11 ~ 2019.03.30
스노우 페스티벌 전국 스키장 현장할인,2018.12.01 ~ 2019.03.30
라이프샵 여행 해외호텔 최대 10% 할인,2019.03.04 ~ 2019.03.29
빨리 떠나보자!! 라이프샵여행 3월 국제선 항공권 최대 10% 할인,2019.03.20 ~ 2019.03.29
빨리 떠나보자!! 라이프샵여행 3월 국제선 항공권 최대 7% 할인,2019.03.04 ~ 2019.03.29
체크카드 온라인 신규발급 트리플 혜택!,2019.03.01 ~ 2019.03.29
체크카드 Coffee O' Clock,2019.03.08 ~ 2019.03.28
놀고 먹고 보고 한화설악 워터피아&쏘라노 조식 특별할인,2019.02.15 ~ 2019.03.17
진에어 슬림한진 특가 + 최대 2만원 할인까지!,2019.03.11 ~ 2019.03.17
"세계 어딜 가든, 아시아나항공 전노선 5% 캐시백",2019.01.29 ~ 2019.03.10
"2인 35,000원! 김해 롯데워터파크 특가 이벤트",2019.02.09 ~ 2019.03.03
겨울방학 놀이터 웅진플레이도시 만원의 행복!,2019.02.09 ~ 2019.03.03
스키부터 객실까지 다~돼지! KB국민카드X비발디파크,2019.02.01 ~ 2019.03.03
캐비에선 KB국민카드~ 캐리비안베이 현장 할인!,2019.01.12 ~ 2019.03.03
"괌에선 맛집, 쇼핑 다 혜택받는 괌!",2018.03.02 ~ 2019.03.01
"18만원 청구할인 혜택 스마트폰 구입, 스마트 하게!",2019.02.01 ~ 2019.02.28
2월 국제선 항공권 최대 10% 할인,2019.02.01 ~ 2019.02.28
2월 라이프샵 하나로 모두가 참좋은 해외패키지 경품!,2019.02.01 ~ 2019.02.28
2월에도 해외 이용 최대 4만원 캐시백!,2019.02.01 ~ 2019.02.28
"BeV Ⅴ, Ⅲ 카드 온라인 신규발급 회원 연회비 최대 5만원 캐시백",2019.02.01 ~ 2019.02.28
KB국민 JCB카드 괌&고디바 프로모션,2018.11.01 ~ 2019.02.28
KB국민 국방(충성)멤버쉽카드 설맞이 최대 50만원 캐시백!,2019.01.29 ~ 2019.02.28
KB국민 롯데월드 제휴카드 종합이용권 할인 이벤트,2019.02.01 ~ 2019.02.28
KB국민 마스터카드 해외도 국내처럼 수수료 0원! 해외수수료 전액 캐시백,2019.02.01 ~ 2019.02.28
KB국민 비자카드 해외도 국내처럼 수수료 0원! 해외수수료 전액 캐시백,2019.02.01 ~ 2019.02.28
"KB국민 앱카드 신규회원 최대 10,000점 포인트리 적립",2019.02.01 ~ 2019.02.28
PUSH 동의하세요? CU편의점 쿠폰 득템하는 방법!,2019.02.01 ~ 2019.02.28
VIP고객대상 2019 프라임 선정 축하 이벤트!,2019.02.01 ~ 2019.02.28
"같은 값이면 5~2, 10개월 무이자할부",2019.01.01 ~ 2019.02.28
개인사업자 전용 카드 연회비 100% 캐시백,2019.02.01 ~ 2019.02.28
겨울방학엔 리브메이트! 롯데월드(4개 사업장) ALL 할인 PASS!,2018.12.01 ~ 2019.02.28
"군대 갔다오니 좋다! SKT, KT, LG U+ 특별한 혜택",2019.02.01 ~ 2019.02.28
"기다림 NO, 할인 YES! KB국민카드X에버랜드",2019.01.26 ~ 2019.02.28
눈썹이 휘날리게 눈썰매 타고~ 서울랜드 씽씽 할인!!,2019.01.01 ~ 2019.02.28
"도시가스요금 자동납부 5,000원 캐시백!",2019.01.01 ~ 2019.02.28
라이프샵 여행 해외호텔 최대 10% 할인,2019.02.01 ~ 2019.02.28
무거운 세금 무이자로 가볍게!,2019.02.01 ~ 2019.02.28
"새로워진 Liiv Mate 신규가입 하면 2,000P",2019.01.01 ~ 2019.02.28
생활편의업종 무이자할부,2019.02.01 ~ 2019.02.28
스피드메이트 타이어 / 정비 최대 25% 할인,2019.01.14 ~ 2019.02.28
쓰면 쓸수록 세뱃돈을 돌려드려U!,2019.01.28 ~ 2019.02.28
아고다 10% 할인받기 또는 12% 적립받기,2019.02.01 ~ 2019.02.28
아이행복카드 쓰고! 스벅 쿠폰 받고!,2019.01.25 ~ 2019.02.28
에버랜드 / 캐리비안베이 신나는 할인+할인!,2019.01.01 ~ 2019.02.28
예뻐지면 돼지~ 화장품/미용업종 캐시백 돼지!,2019.01.18 ~ 2019.02.28
"온라인 신규발급 회원, 연회비 100% 캐시백",2019.02.01 ~ 2019.02.28
우리집도 캐시백 받자! 아파트관리비 자동납부 혜택,2019.01.01 ~ 2019.02.28
"제주 관광지 즉시 할인은 기본! 신규가입하면 2,000P 증정!",2019.01.28 ~ 2019.02.28
체크카드 Congraduation! 이벤트,2019.02.18 ~ 2019.02.28
체크카드 moodholiday,2019.02.01 ~ 2019.02.28
체크카드 온라인 신규발급 트리플 혜택!,2019.02.01 ~ 2019.02.28
"추천하면 나는 5만원, 친구는 연회비 캐시백",2019.02.01 ~ 2019.02.28
클릭! 쉽고 빠르고 편리한 KB국민 중금리론!,2019.02.01 ~ 2019.02.28
편리함 UP 캐시백 UP 초중고학교납입금 자동납부 이벤트,2019.02.01 ~ 2019.02.28
해외렌터카는 렌탈카스닷컴에서 5% 할인,2018.12.01 ~ 2019.02.28
"화제의 생활용품, 특가로 득템!",2019.01.01 ~ 2019.02.28
2019 코리아빌드 WEEK,2019.02.20 ~ 2019.02.24
무료 입장! ‘코베 베이비페어’에 초대합니다,2019.02.22 ~ 2019.02.24
황금돼지 잡는 결혼준비 아이웨딩과 함께!,2019.02.15 ~ 2019.02.24
KB내맘대로프리랜서통장 신규고객 단기카드대출(현금서비스) 금리 10% 할인,2018.02.22 ~ 2019.02.21
체크카드 Valentine Random Box,2019.02.01 ~ 2019.02.21
원마운트 2+1 특가로 놀자!,2019.02.01 ~ 2019.02.17
육스닷컴 (YOOX.COM) 최대 15% 즉시 할인,2019.02.01 ~ 2019.02.15
GS수퍼마켓 달콤한 할인,2019.01.30 ~ 2019.02.14
마음을 전하세요! 설명절 맞이 문화상품권 할인판매,2019.01.28 ~ 2019.02.10
사장님의 설마중 이벤트!,2019.01.14 ~ 2019.02.10
명절 선물도 슈퍼마켓에서 득템,2019.01.23 ~ 2019.02.06
설에도 마음을 주세요~ 정관장 청구할인!,2019.01.11 ~ 2019.02.06
"18만원 청구할인 혜택 스마트폰 구입, 스마트 하게!",2019.01.01 ~ 2019.01.31
1월 라이프샵 하나로 모두가 참좋은 해외패키지 경품!,2019.01.02 ~ 2019.01.31
2019 아고다 최대 10% 할인!,2019.01.01 ~ 2019.01.31
2019 익스피디아 10% 할인,2019.01.01 ~ 2019.01.31
"BeV Ⅴ, Ⅲ 카드 온라인 신규발급 회원 연회비 최대 5만원 캐시백",2019.01.01 ~ 2019.01.31
KB국민 롯데월드 제휴카드 종합이용권 할인 이벤트,2019.01.18 ~ 2019.01.31
KB국민 아멕스카드 24 Sevres 15% 캐시백,2019.01.01 ~ 2019.01.31
"KB국민 앱카드 신규회원 최대 10,000점 포인트리 적립",2019.01.01 ~ 2019.01.31
PUSH 동의하세요? 따뜻한 커피 한잔 어때요?,2019.01.02 ~ 2019.01.31
개인사업자 전용 카드 연회비 100% 캐시백,2019.01.01 ~ 2019.01.31
갤럭시 KB Star 구매하면 따라오는 Liiv Mate 포인트리,2019.01.01 ~ 2019.01.31
겨울방학 놀이터 웅진플레이도시 할인!할인!,2018.12.22 ~ 2019.01.31
겨울방학 학원비 최대 4만원 캐시백,2018.12.01 ~ 2019.01.31
"군대 갔다오니 좋다! SKT, KT, LG U+ 특별한 혜택",2019.01.01 ~ 2019.01.31
따뜻하게 겨울 스파~ 아산스파비스 만원의 행복,2019.01.01 ~ 2019.01.31
라이프샵 여행 해외호텔 최대 10% 할인,2019.01.02 ~ 2019.01.31
무거운 세금 무이자로 가볍게!,2019.01.01 ~ 2019.01.31
비타트라 / 테일리스트 할인의 끝판왕 10%+α,2018.12.10 ~ 2019.01.31
생활편의업종 무이자할부,2019.01.01 ~ 2019.01.31
소비는 확실한 행복! 고액 결제 캐시백 이벤트,2019.01.02 ~ 2019.01.31
어서와 유니온페이는 처음이지 해외최대 15% 캐시백,2018.11.01 ~ 2019.01.31
"온라인 신규발급 회원, 연회비 100% 캐시백",2019.01.01 ~ 2019.01.31
전시 <에르제:땡땡> 1+1 티켓 이벤트,2019.01.01 ~ 2019.01.31
체크카드 온라인 신규발급 트리플 혜택!,2019.01.01 ~ 2019.01.31
최대 4만원!! 새해에도 해외이용 캐시백!,2019.01.01 ~ 2019.01.31
"추천하면 나는 5만원, 친구는 연회비 캐시백",2019.01.01 ~ 2019.01.31
편리함 UP 캐시백 UP 초중고학교납입금 자동납부 이벤트,2019.01.01 ~ 2019.01.31
해외에서도 같은 값이면 5~2개월 무이자할부,2019.01.01 ~ 2019.01.31
1월 국제선 항공권 최대 10% 할인,2019.01.02 ~ 2019.01.30
해외직구X비타트라 HAPPY NEW YEAR SALE!,2019.01.07 ~ 2019.01.24
구몬 학습지 자동납부 5만원 캐시백!,2018.11.01 ~ 2019.01.21
미리 하는 설날 준비,2019.01.02 ~ 2019.01.20
교육이 미래다! 교육박람회 무료입장,2019.01.16 ~ 2019.01.18
KB국민 kt M mobile카드 2만원 캐시백,2018.12.03 ~ 2018.12.31
12월 라이프샵 하나로 모두가 참좋은 해외패키지 경품!,2018.12.03 ~ 2018.12.31
"18만원 청구할인 혜택 스마트폰 구입, 스마트 하게!",2018.12.01 ~ 2018.12.31
1:1 회화어플 튜터링 최대 7천원 즉시할인!,2018.11.12 ~ 2018.12.31
2018 마지막! 해외여행도 해외직구도 캐시백!,2018.12.01 ~ 2018.12.31
"5~2, 10개월 무이자할부(시즌6)",2018.11.01 ~ 2018.12.31
Adieu! 2018 앱카드로 누리는 포인트리 꿀팁!,2018.12.01 ~ 2018.12.31
"BeV Ⅴ, Ⅲ 카드 온라인 신규발급 회원 연회비 최대 5만원 캐시백",2018.12.01 ~ 2018.12.31
"JMT를 찾아라~ 스타샵 5,000P 추가 적립",2018.11.01 ~ 2018.12.31
KB국민 SK 7mobile카드 2만원 캐시백,2018.12.03 ~ 2018.12.31
KB국민 U+알뜰모바일카드 2만원 캐시백,2018.12.03 ~ 2018.12.31
KB국민 고등학교 학생증 체크카드 슬기로운 학카 생활,2018.11.05 ~ 2018.12.31
KB국민 국방(충성)멤버쉽카드 연말연시 최대 50만원 캐시백!,2018.12.01 ~ 2018.12.31
KB국민 롯데월드 제휴카드 종합이용권 할인 이벤트,2018.12.01 ~ 2018.12.31
KB국민 마스터카드 일본 돈키호테 할인,2018.08.01 ~ 2018.12.31
KB국민 마스터카드 해외도 국내처럼 수수료 0원! 해외수수료 전액 캐시백,2018.12.01 ~ 2018.12.31
KB국민 비자카드 해외도 국내처럼 수수료 0원! 해외수수료 전액 캐시백,2018.12.01 ~ 2018.12.31
"KB국민 앱카드 신규회원 최대 10,000점 포인트리 적립",2018.12.01 ~ 2018.12.31
KB국민 체크카드 탐난다! 탐앤탐스 커피 사이즈업!,2018.10.01 ~ 2018.12.31
KB국민 체크카드로 POOQ(푹) 최대 3개월 무료 시청,2018.11.19 ~ 2018.12.31
Liiv Mate 신규가입하고 3000P 받아가세요!,2018.11.01 ~ 2018.12.31
PUSH 동의하세요? 커피 향 가득한 겨울 함께해요!,2018.12.03 ~ 2018.12.31
Trip.com 호텔 예약 10% 즉시할인,2018.11.05 ~ 2018.12.31
VIP 고객대상 GOODBYE 2018! 연말 경품 이벤트,2018.11.01 ~ 2018.12.31
VIP 고객대상 『호텔스타(HOTEL STAR)』 겨울 패키지 특별 이벤트,2018.11.01 ~ 2018.12.31
개인사업자 전용 카드 연회비 100% 캐시백,2018.12.01 ~ 2018.12.31
갤럭시 노트9과 KB금융의 스마트한 만남!,2018.08.14 ~ 2018.12.31
"군대 갔다오니 좋다! SKT, KT, LG U+ 특별한 혜택",2018.12.01 ~ 2018.12.31
꿀α 카드 4종 연회비 100% 캐시백,2018.11.01 ~ 2018.12.31
내가게 서비스 가입하고! 매출조회도 하고! 포인트리도 받고!,2018.11.29 ~ 2018.12.31
대만 여행 가세요? eslite호텔 업그레이드 유니온페이 특별혜택,2018.01.01 ~ 2018.12.31
대만 여행 가세요? SOGO백화점 유니온페이 특별혜택,2018.01.01 ~ 2018.12.31
대학등록금 부담 내려주는 6~2개월 무이자할부,2018.01.09 ~ 2018.12.31
대한항공 앱카드 5% 청구할인 앱카드로 어디까지 가고 싶니,2018.12.03 ~ 2018.12.31
"도시가스요금 자동납부 5,000원 캐시백!",2018.11.01 ~ 2018.12.31
라이프샵 여행 해외호텔 최대 10% 할인,2018.12.03 ~ 2018.12.31
레진코믹스 X Liiv Mate 최대 33코인 받아가세요!,2018.11.01 ~ 2018.12.31
모바일캐시비 신규회원 캐시비와 함께 하는 포인트리 꿀잔치,2018.12.01 ~ 2018.12.31
무거운 세금! 무이자로 가볍게!,2018.07.01 ~ 2018.12.31
미국 인기여행지에서 즐기는 KB국민 JCB카드 우대혜택,2018.09.01 ~ 2018.12.31
병원업종 6~2개월 무이자할부,2018.07.01 ~ 2018.12.31
블랙프라이데이 몰테일/아이포터 배송비 US$15 할인,2018.11.12 ~ 2018.12.31
사장님의 송년 보너스같은 캐시백,2018.12.03 ~ 2018.12.31
생활편의업종 무이자할부,2018.07.01 ~ 2018.12.31
세상은 이런 걸 원해! YouTube Premium 100% 캐시백,2018.11.19 ~ 2018.12.31
스피드메이트 타이어 / 정비 최대 25% 할인,2018.12.01 ~ 2018.12.31
아고다 최대 12% 할인,2018.11.01 ~ 2018.12.31
아듀 2018~ 쓰면 쓸수록 돌려드려U!,2018.12.01 ~ 2018.12.31
아파트 관리비 자동납부 최대 2만원 캐시백,2018.12.01 ~ 2018.12.31
앱카드 NFC 결제방식 JUSTOUCH로 누리는 천원의 행복,2018.12.01 ~ 2018.12.31
연말 마무리도 아름답게! 화장품/미용업종 캐시백!,2018.12.01 ~ 2018.12.31
연말 혜택 가즈아! 타고~ 먹고~ 받고!,2018.11.26 ~ 2018.12.31
연말에도 익스피디아는 10% 할인중,2018.12.01 ~ 2018.12.31
오토오아시스! 내 차에 필요한 혜택!,2018.11.26 ~ 2018.12.31
"온라인 신규발급 회원, 연회비 100% 캐시백",2018.12.01 ~ 2018.12.31
"이케아로 모이자! 3, 6, 12 무이자!",2018.01.15 ~ 2018.12.31
일본 도큐백화점 필수혜택,2018.07.01 ~ 2018.12.31
"일본우대혜택1, 롯데면세점 도쿄긴자 스페셜 쿠폰",2018.07.01 ~ 2018.12.31
자동으로 혜택 받는 4대 사회보험 자동납부,2018.12.01 ~ 2018.12.31
지금 받으러 갑니다! 체크카드 지방세 결제 이벤트,2018.04.01 ~ 2018.12.31
체크 질러! 고액결제 캐시백 이벤트,2018.12.03 ~ 2018.12.31
체크카드 온라인 신규발급 트리플 혜택,2018.12.01 ~ 2018.12.31
"추천하면 나는 5만원, 친구는 연회비 캐시백",2018.12.01 ~ 2018.12.31
카드사용알림 무료로 받으세요! 12월! 마지막 12일간의 혜택!,2018.12.20 ~ 2018.12.31
컬쳐랜드 X Liiv Mate 컬쳐랜드 PIN 3천원 즉시 지급!,2018.11.01 ~ 2018.12.31
탄탄대로 오토카드 연회비 100% 캐시백,2018.12.01 ~ 2018.12.31
편리함 UP 캐시백 UP 초중고학교납입금 자동납부,2018.12.01 ~ 2018.12.31
해외 호텔 예약사이트 한 눈에 할인 비교!,2018.07.16 ~ 2018.12.31
해외 호텔 예약사이트 한 눈에 할인 비교!,2018.11.05 ~ 2018.12.31
해외에서도 같은 값이면 5~2개월 무이자할부,2018.12.01 ~ 2018.12.31
해외이용고객 대상 KT로밍비 캐시백,2018.01.01 ~ 2018.12.31
해외직구X비타트라 BOXING DAY BIG SALE!,2018.12.03 ~ 2018.12.31
해피앱 X Liiv Mate 해피포인트와 행복한 연말 보내세요!,2018.12.03 ~ 2018.12.31
호텔스닷컴은 최대 15% 할인 중,2018.10.01 ~ 2018.12.31
화제의 생활용품 특가로 득템!,2018.12.01 ~ 2018.12.31
12월 국제선 항공권 최대 10% 할인,2018.12.03 ~ 2018.12.28
Apple 제품 구매 시 8% 캐시백,2018.12.21 ~ 2018.12.27
뮤지컬 <광화문연가> 1+1 티켓 이벤트,2018.12.14 ~ 2018.12.27
KB국민카드X제주항공 제주항공 쿠폰 받고 '찜' 특가 구매하자,2018.12.10 ~ 2018.12.25
크리스마스에 눈이 올까요?,2018.12.03 ~ 2018.12.25
캐시백 + Qeeboo Rabbit Chair 친구추천 왕은 나! 두마리 토끼를 잡아라,2018.10.29 ~ 2018.12.24
Fall in Check! 5대 업종 캐시백 이벤트 2018 시즌 2,2018.11.22 ~ 2018.12.22
교원 구몬 KB국민카드 구몬 학습지 자동납부 추가할인!,2018.08.10 ~ 2018.12.21
추운 날씨엔! 골프존! 스크린골프 겨울시즌 이벤트!,2018.11.22 ~ 2018.12.21
VIP회원 금호리조트 객실 50% 할인 이벤트,2018.08.26 ~ 2018.12.20
도시의 호캉스 Season 3. 부산,2018.11.19 ~ 2018.12.18
따뜻한 연말을 위한 정관장의 특별 선물!,2018.11.30 ~ 2018.12.16
"모바일 SK 주유소, MOST 리터당 150원 주유 할인!",2018.12.10 ~ 2018.12.16
2018 시즌 3 체크러시! 매주 금토 1만원 할인,2018.10.12 ~ 2018.12.15
KB국민 마스터카드 해외직구 스페셜 혜택,2018.10.01 ~ 2018.12.15
KB국민카드 YELLO 뮤지컬 <엘리자벳> 1+1 티켓 이벤트,2018.12.07 ~ 2018.12.15
에버랜드 / 캐리비안베이 신나는 할인+할인!,2018.11.01 ~ 2018.12.14
CJ Hello 자동납부 캐시백 + VOD 쿠폰 증정 Season2,2018.11.01 ~ 2018.12.13
VIP회원 소노펠리체/소노빌리지 객실 특별할인!,2018.07.20 ~ 2018.12.13
미국 9대 온라인 가맹점 10% 캐시백,2018.07.01 ~ 2018.12.12
"신나는 에버랜드, 월간 로라 코스타 축제 신나는 할인!",2018.11.01 ~ 2018.12.09
행복한 결혼준비 아이웨딩과 함께,2018.11.30 ~ 2018.12.09
"취준생활의 힘! 토익응시료 5,000원 캐시백",2018.10.05 ~ 2018.12.05
카카오페이 KB국민체크카드 경품 이벤트!,2018.11.05 ~ 2018.12.04
11월 국제선 항공권 최대 10% 할인,2018.11.01 ~ 2018.11.30
11월 라이프샵 하나로 모두가 참좋은 해외패키지 경품!,2018.11.01 ~ 2018.11.30
"18만원 청구할인! 스마트폰 구입, 스마트하게",2018.11.01 ~ 2018.11.30
"BeV Ⅴ, Ⅲ 카드 온라인 신규발급 회원 연회비 최대 5만원 캐시백",2018.11.01 ~ 2018.11.30
"Beyond Value! BeV Ⅴ, Ⅲ 카드 캐시백 혜택",2018.11.01 ~ 2018.11.30
GS fresh X Liiv Mate GS fresh 최대 8천원 혜택,2018.11.01 ~ 2018.11.30
KB국민 롯데월드 제휴카드 종합이용권 할인 이벤트,2018.10.01 ~ 2018.11.30
KB국민 마스터카드 해외도 국내처럼 수수료 0원! 해외수수료 전액 캐시백,2018.11.01 ~ 2018.11.30
KB국민 비자카드 해외도 국내처럼 수수료 0원! 해외수수료 전액 캐시백,2018.11.01 ~ 2018.11.30
"KB국민 앱카드 신규회원 최대 10,000점 포인트리 적립",2018.11.01 ~ 2018.11.30
KB국민 앱카드에 바란다! 평점&리뷰 작성 시 포인트리 적립,2018.11.01 ~ 2018.11.30
KB국민카드 X SAMSUNGPAY 포인트리 꿀잔치!,2018.11.01 ~ 2018.11.30
Liiv Mate X 해피앱 해피포인트 5천포인트 적립 혜택,2018.11.08 ~ 2018.11.30
Liiv Mate에 바란다! 평점 & 리뷰 작성 시 포인트리 적립,2018.11.12 ~ 2018.11.30
Ople.com 최대 8% 오플포인트 적립대잔치!,2018.11.01 ~ 2018.11.30
PUSH 동의하세요? 커피 향 가득한 겨울 함께해요!,2018.11.05 ~ 2018.11.30
개인사업자 전용 카드 연회비 100% 캐시백,2018.11.01 ~ 2018.11.30
다가오는 겨울 대비 따끈한 온라인 쇼핑 혜택!,2018.11.16 ~ 2018.11.30
라이프샵 여행 해외호텔 최대 10% 할인,2018.11.01 ~ 2018.11.30
마음에 드는 선물 마음대로 바꾸는 할부 시즌3!,2018.10.01 ~ 2018.11.30
모바일캐시비 신규회원 캐시비와 함께 하는 포인트리 꿀잔치,2018.11.01 ~ 2018.11.30
"서울랜드 자유이용권, 너랑 나랑 더블 할인!",2018.10.01 ~ 2018.11.30
스피드메이트 타이어 / 정비 최대 25% 할인,2018.11.01 ~ 2018.11.30
쓰면 쓸수록 혜택으로 돌려드려U!,2018.11.05 ~ 2018.11.30
아파트 관리비 자동납부 최대 2만원 캐시백,2018.11.01 ~ 2018.11.30
"온라인 신규발급 회원, 연회비 100% 캐시백",2018.11.01 ~ 2018.11.30
익스피디아는 15% 할인중,2018.09.19 ~ 2018.11.30
자동으로 혜택 받는 4대 사회보험 자동납부,2018.11.01 ~ 2018.11.30
체크카드 2018 컬쳐 브리즈 시즌2 뮤지컬 마틸다 초대,2018.11.01 ~ 2018.11.30
체크카드 온라인 신규발급 트리플 혜택,2018.11.01 ~ 2018.11.30
"추천하면 나는 5만원, 친구는 연회비 캐시백",2018.11.01 ~ 2018.11.30
탄탄대로 오토카드 연회비 100% 캐시백,2018.11.01 ~ 2018.11.30
편리함 UP 캐시백 UP 초중고학교납입금 자동납부,2018.10.01 ~ 2018.11.30
풍성한 가을 학원비 최대 4만원 캐시백,2018.10.01 ~ 2018.11.30
프로야구할인이벤트,2018.03.26 ~ 2018.11.30
해외렌터카는 렌탈카스닷컴에서 8% 할인,2018.10.22 ~ 2018.11.30
해외에서도 같은 값이면 최대 12~2개월 무이자할부,2018.10.15 ~ 2018.11.30
해외직구 & 해외여행 완전체 혜택 Global Festa 2018,2018.10.31 ~ 2018.11.30
해외직구X몰리(mallRee) Pre블프~연말까지! 최대 $20 보너스 캐시백!,2018.11.13 ~ 2018.11.30
해외직구도 해외여행도 최대 10만원 캐시백!,2018.11.01 ~ 2018.11.30
호남 · 충청 · 제주 11월 가구업체 캐시백,2018.11.01 ~ 2018.11.30
"화제의 생활용품, 특가로 득템!",2018.11.01 ~ 2018.11.30
12번째 특별한 테이블 다이닝스타 (Dining Star),2018.11.14 ~ 2018.11.29
Liiv Mate X 롯데월드타워 SEOUL SKY 리브메이트가 드리는 놀라운 혜택!,2018.11.20 ~ 2018.11.29
"4주간의 변화 매너가 개(犬)를 만든다, 킹스독!",2018.10.08 ~ 2018.11.25
댕냥이와 함께 산다면 꼭 가야하는 곳!,2018.11.23 ~ 2018.11.25
"아듀 2018! 연말 Dog 콘서트 독투유, 나에개",2018.11.09 ~ 2018.11.25
진에어 오사카 노선 즉시할인 2만원!,2018.10.22 ~ 2018.11.25
해외직구X테일리스트 즉시 할인 and 베스트셀러 특가전!,2018.10.25 ~ 2018.11.25
KB국민카드 YELLO 뮤지컬 「지킬앤하이드」 1+1 티켓 이벤트,2018.11.09 ~ 2018.11.23
Autumn엔 편의점 어떰?,2018.11.09 ~ 2018.11.22
세상은 이런 걸 원해! YouTube Premium 100% 캐시백,2018.10.17 ~ 2018.11.18
Apple 제품 구매 시 8%캐시백,2018.11.02 ~ 2018.11.15
GS수퍼마켓 달콤한 빼빼로데이,2018.10.31 ~ 2018.11.15
"마스터카드 우수회원의 품격
비행기 연착 시 라운지 혜택",2017.11.16 ~ 2018.11.15
알파원카드 「Tasting + α」와인의 향기에 취하다,2018.10.15 ~ 2018.11.15
유럽여행 명품쇼핑 [더 비스터 빌리지 쇼핑 컬렉션],2017.11.15 ~ 2018.11.14
체크카드 이용금액 100% 캐시백 이벤트,2018.10.15 ~ 2018.11.14
KB국민 마스터카드 알리익스프레스 신규고객 $3 즉시할인,2018.11.03 ~ 2018.11.12
2018 서울건축박람회 무료입장 혜택,2018.11.08 ~ 2018.11.11
Liiv Mate 리뉴얼 기념 반려동물 등록 활성화 캠페인 참여 행사,2018.10.31 ~ 2018.11.11
Pre-블프 몰테일 배송대행비 $10 할인,2018.10.25 ~ 2018.11.11
무비스타(Movie Star)! 「국가부도의 날」,2018.11.07 ~ 2018.11.11
"겨울엔 역시 일본 료칸!
할인은 역시 KB국민카드!",2017.11.06 ~ 2018.11.05
여행주간 함께 하는 내 나라 여행 2018 가을편,2018.10.15 ~ 2018.11.04
일룸 가을엔 혜택 드림!,2018.10.15 ~ 2018.11.04
초대합니다! '코베 베이비페어' 무료입장 혜택,2018.11.01 ~ 2018.11.04
KB국민 마스터카드 FARFETCH 10만원 즉시할인,2018.10.01 ~ 2018.11.03
10월 국제선 항공권 최대 12% 할인,2018.10.01 ~ 2018.10.31
10월 라이프샵 하나로 모두가 참좋은 해외패키지 경품,2018.10.01 ~ 2018.10.31
"18만원 청구할인! 스마트폰 구입, 스마트 하게!",2018.10.01 ~ 2018.10.31
2018년 할로윈축제를 즐기자! 서울랜드,2018.10.01 ~ 2018.10.31
"5~2, 10개월 무이자할부(시즌5)",2018.09.01 ~ 2018.10.31
"BeV Ⅴ, Ⅲ카드 온라인 신규발급 회원, 연회비 최대 5만원 캐시백",2018.10.01 ~ 2018.10.31
"Beyond Value! BeV Ⅴ, Ⅲ 카드 캐시백 혜택",2018.10.01 ~ 2018.10.31
GS fresh X Liiv Mate GS fresh 최대 8천원 혜택,2018.10.17 ~ 2018.10.31
KB국민 마스터카드 해외도 국내처럼 수수료 0원! 해외수수료 전액 캐시백,2018.10.01 ~ 2018.10.31
KB국민 비자카드 해외도 국내처럼 수수료 0원! 해외수수료 전액 캐시백,2018.10.01 ~ 2018.10.31
KB국민 아멕스카드 매치스패션 15% 캐시백,2018.10.01 ~ 2018.10.31
"KB국민 앱카드 신규회원 최대 10,000점 포인트리 적립",2018.10.01 ~ 2018.10.31
KB국민 앱카드에 바란다! 평점&리뷰 작성 시 포인트리 적립,2018.10.01 ~ 2018.10.31
KB국민 중금리론 신청하면 상품권 2만원 선물!,2018.09.27 ~ 2018.10.31
Liiv Mate X H.Point 달달한 꿀조합~ 역대급 포인트 혜택!,2018.09.12 ~ 2018.10.31
Liiv Mate X 해피앱 해피포인트 5천포인트 적립 혜택,2018.10.16 ~ 2018.10.31
Liiv Mate 신규회원 2000P 받고 싶은 사람!,2018.09.01 ~ 2018.10.31
Liiv Mate에 바란다! 평점 & 리뷰 작성 시 포인트리 적립,2018.10.01 ~ 2018.10.31
PUSH 동의하세요? 커피 향 가득한 가을 함께해요!,2018.10.01 ~ 2018.10.31
T Galleria DFS에서 쇼핑하고 최대 3만원 캐시백 받자!,2018.09.01 ~ 2018.10.31
VIP 고객대상 포근한 가을(Cozy Autumn) VIP 이벤트,2018.09.01 ~ 2018.10.31
VIP고객대상! 롯데호텔 『Autumn Days』 패키지 프로모션,2018.09.20 ~ 2018.10.31
yello 캄보디아 나눔상자 기부캠페인,2018.09.03 ~ 2018.10.31
가을가을해! 라이프샵여행 해외호텔 최대 10% 할인,2018.10.01 ~ 2018.10.31
"가을이 좋다! 경품 당첨, 특가 혜택~",2018.10.01 ~ 2018.10.31
개인사업자 전용 카드 연회비 100% 캐시백,2018.10.01 ~ 2018.10.31
"군대 갔다오니 좋다! SKT, KT, LG U+ 특별한 혜택",2018.10.01 ~ 2018.10.31
꿀α 카드 4종 연회비 100% 캐시백,2018.09.01 ~ 2018.10.31
내가 아는 해외온라인가맹점에선 최대 5만원 캐시백!,2018.09.17 ~ 2018.10.31
"도시가스요금 자동납부 5,000원 캐시백!",2018.09.01 ~ 2018.10.31
리브메이트라서 Happy! 신규가입 해피머니 3천원!,2018.09.01 ~ 2018.10.31
반려동물 전문플랫폼 올라펫 KB금융관 오픈기념,2018.09.21 ~ 2018.10.31
"스피드메이트 긴급혜택 알림!
긴급출동 모바일 멤버십 30% 할인!",2017.11.01 ~ 2018.10.31
스피드메이트 타이어 / 정비 최대 25% 할인,2018.10.01 ~ 2018.10.31
아파트 관리비 자동납부 최대 2만원 캐시백,2018.10.01 ~ 2018.10.31
에버랜드 / 캐리비안베이 신나는 할인+할인!,2018.10.01 ~ 2018.10.31
"온라인 신규발급 회원, 연회비 100% 캐시백",2018.10.01 ~ 2018.10.31
"일본에서도 수수료 없는 카드 생활, 커피 쿠폰은 덤!",2018.09.01 ~ 2018.10.31
자동으로 혜택 받는 4대 사회보험 자동납부,2018.09.01 ~ 2018.10.31
체크카드 온라인 신규발급 트리플 혜택,2018.10.01 ~ 2018.10.31
"체크카드, 카카오페이 KB국민카드 출시기념 이벤트!",2018.09.13 ~ 2018.10.31
"최신의 골프존, 투비전플러스! 이제 골프존파크에서 즐기세요!",2018.10.01 ~ 2018.10.31
"추천하면 나는 5만원, 친구는 연회비 캐시백",2018.10.01 ~ 2018.10.31
탄탄대로 오토카드 연회비 100% 캐시백,2018.10.01 ~ 2018.10.31
해외 면세 쇼핑하고 고디바 초콜렛 받고,2018.05.16 ~ 2018.10.31
해외에서 이용하면 최대 4만원 캐시백,2018.10.12 ~ 2018.10.31
해외에서도 같은 값이면 5~2개월 무이자할부,2018.09.01 ~ 2018.10.31
해외이용 지원 프로그램 Global Festa 2018,2018.10.01 ~ 2018.10.31
호남 · 충청 · 제주 10월 가구업체 캐시백,2018.10.01 ~ 2018.10.31
"호남,충청 듀오와 함께 행복 찾아 듀오",2018.09.03 ~ 2018.10.31
화물차 운전자님을 위한 최대 40만원 캐시백,2018.08.01 ~ 2018.10.31
"화제의 생활용품, 특가로 득템!",2018.09.01 ~ 2018.10.31
CJ Hello 자동납부 캐시백 + VOD 쿠폰 증정,2018.08.13 ~ 2018.10.30
레진코믹스 X Liiv Mate 최대 29코인 받아가세요!,2018.10.12 ~ 2018.10.30
컬쳐랜드 X Liiv Mate 컬쳐랜드 PIN 2천원 즉시 지급!,2018.10.23 ~ 2018.10.30
체크카드 NO pay! NO gain! 시즌3,2018.09.27 ~ 2018.10.27
2018 제주 리빙앤라이프 스타일,2018.10.18 ~ 2018.10.21
할로윈데이에 즐기는 Yelloween EDM Festival,2018.10.01 ~ 2018.10.20
해외직구X비타트라 가을맞이 즉시할인! Vitatra 추천상품 특가!,2018.09.14 ~ 2018.10.19
Fall In Check! 5대 업종 캐시백,2018.09.18 ~ 2018.10.18
KB국민 체크카드 체크~질러! 시즌3 고액결제 캐시백,2018.09.17 ~ 2018.10.18
"KB국민카드 고객님만의 특권!
해외 무료여행자보험 혜택 제공",2017.10.18 ~ 2018.10.17
세상은 이런 걸 원해! YouTube Premium 100% 캐시백,2018.09.17 ~ 2018.10.16
공항라운지 무료입장권으로 해외공항에서 즐기는 여유,2018.09.21 ~ 2018.10.14
여행하기 좋은 계절 秋캉스를 위한 최대 10만원 캐시백,2018.09.14 ~ 2018.10.14
"세계 어딜 가든, 아시아나항공 전노선 5% 캐시백",2018.09.03 ~ 2018.10.13
‘결혼하기 좋은 날’ 아이위크 웨딩 박람회,2018.09.28 ~ 2018.10.09
'코베 베이비페어' 육아 지원 프로젝트,2018.10.04 ~ 2018.10.07
KB국민카드와 함께 KOREA SALE FESTA!,2018.09.28 ~ 2018.10.07
스타벅스 충전 5% 캐시백 시즌2,2018.09.07 ~ 2018.10.06
반려견 동반 프로그램 가을앤 休,2018.09.14 ~ 2018.10.04
체크카드와 가을맞이 집 꾸미기,2018.09.05 ~ 2018.10.04
유럽여행 명품쇼핑 더 비스터 빌리지 쇼핑 컬렉션,2018.06.15 ~ 2018.10.01
"18만원 청구할인 혜택 스마트폰 구입, 스마트 하게!",2018.09.01 ~ 2018.09.30
"BeV Ⅴ, BeV Ⅲ카드 온라인 신규발급 회원, 연회비 최대 5만원 캐시백",2018.09.01 ~ 2018.09.30
"Beyond Value! BeV Ⅴ, Ⅲ 카드 캐시백 혜택",2018.09.01 ~ 2018.09.30
KB국민 국방(충성)멤버쉽카드 중추절 최대 50만원 캐시백!,2018.09.01 ~ 2018.09.30
KB국민 롯데월드 제휴카드 종합이용권 할인 이벤트,2018.08.01 ~ 2018.09.30
KB국민 마스터카드 해외도 국내처럼 수수료 0원! 해외수수료 전액 캐시백,2018.09.01 ~ 2018.09.30
KB국민 비자카드 해외도 국내처럼 수수료 0원! 해외수수료 전액 캐시백,2018.09.01 ~ 2018.09.30
"KB국민 아멕스카드 마이테레사 15%, 아소스 10% 캐시백",2018.09.01 ~ 2018.09.30
"KB국민 아멕스카드, AMAZON.COM US$25 즉시할인",2018.09.01 ~ 2018.09.30
"KB국민 앱카드 신규회원 최대 10,000점 포인트리 적립",2018.09.01 ~ 2018.09.30
KB국민 앱카드에 바란다! 평점&리뷰 작성 시 포인트리 적립,2018.09.10 ~ 2018.09.30
KB국민 체크카드 탐난다! 탐앤탐스 커피 사이즈업!,2018.07.01 ~ 2018.09.30
"Liiv Mate X 마켓컬리, 마켓컬리 10% 할인혜택",2018.09.10 ~ 2018.09.30
Liiv Mate X 해피앱 해피포인트 5천포인트 적립 혜택,2018.09.05 ~ 2018.09.30
Liiv Mate가 드리는 티몬 적립금 3천원 혜택,2018.09.01 ~ 2018.09.30
Liiv Mate에 바란다 평점 + 리뷰 작성 시 포인트리 적립,2018.09.10 ~ 2018.09.30
PUSH 동의하세요? 커피 향 가득한 가을 함께해요!,2018.09.03 ~ 2018.09.30
가을가을해! 라이프샵여행 해외호텔 최대 10% 할인,2018.09.01 ~ 2018.09.30
가을맞이 KB국민 펫코노미 서비스,2018.08.27 ~ 2018.09.30
개인사업자 전용 카드 연회비 100% 캐시백,2018.09.01 ~ 2018.09.30
"군대 갔다 오니 좋다! SKT, KT, LG U+ 특별한 혜택",2018.09.01 ~ 2018.09.30
꿀이득 혜택 앱카드! 이번에도 너로 정했다,2018.09.01 ~ 2018.09.30
라이프샵 하나로 모두가 참 좋은 해외패키지 경품!,2018.09.01 ~ 2018.09.30
"롯데워터파크, 나랑 너랑 반값! 추가 2인까지 40%",2018.09.01 ~ 2018.09.30
마음에 드는 선물 마음대로 바꾸는 할부 시즌2!,2018.08.01 ~ 2018.09.30
사장님의 추석 마중 캐시백!,2018.09.01 ~ 2018.09.30
삼성 페이 KB국민카드 출시 3만원 추가할인 + 3만원 캐시백 도전!,2018.07.20 ~ 2018.09.30
스피드메이트 타이어 / 정비 최대 30%할인,2018.08.01 ~ 2018.09.30
아산스파비스 만원의 행복,2018.09.15 ~ 2018.09.30
아시아나항공 바르셀로나 취항 기념 아시아나 올림카드로 마일리지 받고 또 받고,2018.09.03 ~ 2018.09.30
아파트 관리비 자동납부 최대 2만원 캐시백,2018.09.01 ~ 2018.09.30
에버랜드 / 캐리비안베이 신나는 할인+할인!,2018.09.01 ~ 2018.09.30
"온라인 신규발급 회원, 연회비 100% 캐시백",2018.09.01 ~ 2018.09.30
원마운트 만원의 행복,2018.08.17 ~ 2018.09.30
일본직구최강 아마존 재팬 즉시할인,2018.09.01 ~ 2018.09.30
체크카드+Liiv Mate 신규회원 트리플 혜택,2018.09.01 ~ 2018.09.30
"추석맞이, 기업카드도 G마켓이면 캐시백!",2018.09.06 ~ 2018.09.30
"추천하면 나는 5만원, 친구는 연회비 캐시백",2018.09.01 ~ 2018.09.30
편리함 UP 캐시백 UP 초중고학교납입금 자동납부,2018.09.01 ~ 2018.09.30
풍성한 한가위 혜택도 풍년!,2018.09.10 ~ 2018.09.30
풍성한 한가위! 풍성한 온라인 쇼핑!,2018.09.18 ~ 2018.09.30
학원비 깎아주는 KB국민 에듀카드 출시!,2018.07.01 ~ 2018.09.30
학원비 지원 최대 4만원 캐시백,2018.08.01 ~ 2018.09.30
해외에서 긴급할 때 단기카드대출! 응모하면 금리할인,2018.09.01 ~ 2018.09.30
해외이용 지원 프로그램 Global Festa 2018,2018.09.01 ~ 2018.09.30
호남 · 충청 · 제주 9월 가구업체 캐시백,2018.09.01 ~ 2018.09.30
호텔스닷컴은 15% 할인중,2018.07.01 ~ 2018.09.30
"화제의 생활용품, 특가로 득템!",2018.08.01 ~ 2018.09.30
이번에도 최대할인! 라이프샵여행 9월 국제선 단거리도 10% 할인!,2018.09.18 ~ 2018.09.28
해외직구X몰리(mallRee) 최대 $20 보너스 캐시백 팡팡!,2018.08.30 ~ 2018.09.28
"4주간의 변화 매너가 개(犬)를 만든다, 킹스독!",2018.08.06 ~ 2018.09.26
추석도 KB와 함께 대형슈퍼 추석 행사 안내,2018.09.13 ~ 2018.09.26
추석맞이 건강선물 정관장 청구할인!,2018.08.31 ~ 2018.09.26
풍성한 한가위 대형마트 행사 안내,2018.09.13 ~ 2018.09.24
2018 부산 경향하우징페어 / 리빙앤라이프스타일,2018.09.13 ~ 2018.09.16
세상은 이런 걸 원해! YouTube Premium 100% 캐시백,2018.08.17 ~ 2018.09.16
육스닷컴(YOOX.COM) 최대 20% 즉시할인,2018.09.01 ~ 2018.09.16
2018 시즌 2 체크러시! 매주 금토 1만원 할인,2018.06.22 ~ 2018.09.15
뮤지컬 <마틸다> 1+1 티켓 이벤트,2018.08.29 ~ 2018.09.14
KB국민 체크카드 스탬프콩콩 2018년 시즌2,2018.08.06 ~ 2018.09.11
2018 대구 경향하우징페어 / 리빙앤라이프스타일,2018.08.31 ~ 2018.09.09
KB국민카드X문화재청X해피빈 우리 문화재 지킴이 캠페인,2018.08.09 ~ 2018.09.09
체크카드로 미리 하는 추석 준비,2018.08.10 ~ 2018.09.09
Liiv Mate X 핑크퐁! 핫딜로 만나는 핑크퐁 사운드북!,2018.08.27 ~ 2018.09.08
"8월 Liiv Mate 할인쿠폰 3종 카닥, 파킹박, 별대리",2018.08.06 ~ 2018.09.05
KB국민 유니온페이카드 진에어 항공권 1+1,2018.08.30 ~ 2018.09.05
"가온부울경카드, 아쿠아환타지아 할인",2018.06.22 ~ 2018.09.02
서울랜드 자유이용권 2+1 어른도 아이도 신나는 5만원의 행복!,2018.08.01 ~ 2018.09.02
"18만원 청구할인 스마트폰 구입, 스마트 하게!",2018.08.01 ~ 2018.08.31
"5~2, 10개월 무이자할부 시즌4",2018.07.01 ~ 2018.08.31
8월에도 목표달성 캐시백Easy!,2018.08.01 ~ 2018.08.31
BTS체크카드 출시기념 이벤트,2018.06.21 ~ 2018.08.31
"BeV Ⅴ, BeV Ⅲ카드 온라인 신규발급 회원 연회비 최대 5만원 캐시백",2018.08.01 ~ 2018.08.31
"Beyond Value! BeV Ⅴ, Ⅲ 카드 캐시백 혜택",2018.08.01 ~ 2018.08.31
Cool~ 캐시백 미녀는 여름을 좋아해!,2018.07.13 ~ 2018.08.31
"KB국민 마스터카드, 해외도 국내처럼 수수료 0원! 해외수수료 전액 캐시백",2018.06.01 ~ 2018.08.31
"KB국민 비자카드, 해외도 국내처럼 수수료 0원! 해외수수료 전액 캐시백",2018.06.01 ~ 2018.08.31
"KB국민 앱카드 신규회원 최대 10,000점 포인트리 적립",2018.08.01 ~ 2018.08.31
KB국민 유니온페이카드 아마존 재팬 한국 직배송 무료,2018.07.17 ~ 2018.08.31
"KB국민카드 X 제주패스, 에코드라이빙 캠페인",2018.06.01 ~ 2018.08.31
"KB국민카드 하나면
일본 주요도시 라운지 무료 입장",2017.09.01 ~ 2018.08.31
Liiv Mate 신규회원 2000P 받고 싶은 사람!,2018.07.01 ~ 2018.08.31
Liiv Mate가 드리는 티몬 적립금 3천원 혜택,2018.08.01 ~ 2018.08.31
Liiv Mate와 함께하는 2018 인천 펜타포트 락 페스티벌,2018.07.01 ~ 2018.08.31
SK LPG SAVE KB국민카드 SK충전소와 함께하는 혜택 팡팡 이벤트!,2018.06.25 ~ 2018.08.31
YOOX with 아멕스카드 10% 캐시백 10% 추가할인,2018.08.01 ~ 2018.08.31
yello! Summer Festival,2018.07.01 ~ 2018.08.31
"＃먹고 ＃놀고 ＃자고 ＃사고, 꿀α카드에서 꿀 떨어진다!",2018.07.16 ~ 2018.08.31
개인사업자 전용 카드 연회비 100% 캐시백,2018.08.01 ~ 2018.08.31
골프 좀 치는 사람들의 즐거운 혜택 시즌2,2018.06.29 ~ 2018.08.31
"군대 갔다오니 좋다! SKT, KT, LG U+ 특별한 혜택",2018.08.01 ~ 2018.08.31
꿀α 카드 4종 연회비 100% 캐시백,2018.07.03 ~ 2018.08.31
더울 땐 온라인 쇼핑이지~ 비교불가 할인 혜택!,2018.08.14 ~ 2018.08.31
"도시가스요금 자동납부 5,000원 캐시백!",2018.07.01 ~ 2018.08.31
동의하세요? 커피 한잔 or 달콤한 아이스크림의 여유!,2018.08.01 ~ 2018.08.31
라이프샵 하나로 모두가 참좋은 해외 패키지 경품!,2018.08.01 ~ 2018.08.31
리브메이트라서 Happy! 신규가입 해피머니 3천원!,2018.07.25 ~ 2018.08.31
맡기면 이렇게 가벼운 걸! 인천공항 외투보관 서비스 50% 할인,2017.09.01 ~ 2018.08.31
"무더위속 즐기는 시원한 골프, 고고~ 골프존파크!",2018.08.01 ~ 2018.08.31
반려인이라면 응모필수! 신세계상품권 1만원,2018.07.24 ~ 2018.08.31
사업자 고객을 위한 삼성전자 특별 혜택,2018.06.01 ~ 2018.08.31
스마트폰명세서 신청하면 포인트리는 기본! 경품추첨 혜택까지~,2018.07.09 ~ 2018.08.31
쓰면 쓸수록 휴가비를 돌려드려U! 2탄,2018.08.01 ~ 2018.08.31
아름다운 여름 (Beautiful Summer) VIP 이벤트,2018.07.01 ~ 2018.08.31
아직도 몰라? 라이프샵 여행 국제선 항공권 최대 10% 할인,2018.08.01 ~ 2018.08.31
아직도 몰라? 라이프샵 여행 국제선 항공권 최대 12% 할인,2018.08.27 ~ 2018.08.31
아파트 관리비 자동납부 2만원 캐시백,2018.08.01 ~ 2018.08.31
앱카드(JUSTOUCH) TOUCH하고 포인트리 받자!,2018.08.01 ~ 2018.08.31
"여름방학, 에버랜드 신나는 할인!",2018.08.01 ~ 2018.08.31
여름엔 Liiv Mate!,2018.07.01 ~ 2018.08.31
여행의 시작은 할인! 해외호텔 최대 10% 할인,2018.08.01 ~ 2018.08.31
"온라인 신규발급 회원, 연회비 100% 캐시백",2018.08.01 ~ 2018.08.31
유니온페이카드 인터파크 항공권 최대 26% 할인,2018.06.01 ~ 2018.08.31
익스피디아 15% 할인 시작!,2018.07.01 ~ 2018.08.31
자동으로 혜택 받는 4대 사회보험 자동납부,2018.07.01 ~ 2018.08.31
전국 33개 워터파크 입장료 10~50% 현장할인!,2018.07.01 ~ 2018.08.31
집 떠나면 썸머 혜택!,2018.07.01 ~ 2018.08.31
체크카드 카페라떼~! 2리 5너라!,2018.08.01 ~ 2018.08.31
체크카드+Liiv Mate 신규회원 트리플 혜택,2018.08.01 ~ 2018.08.31
"체크카드, 롯데월드 아쿠아리움 현장할인",2018.06.01 ~ 2018.08.31
최대 10만원! 해외 여름휴가비 지원,2018.07.01 ~ 2018.08.31
"추천하면 나는 5만원, 친구는 연회비 캐시백",2018.07.05 ~ 2018.08.31
프로암라운딩/필드레슨 in 엘리시안 강촌,2018.06.29 ~ 2018.08.31
해외경비 지원 프로그램 Global Festa 2018,2018.07.01 ~ 2018.08.31
해외에서 긴급할 때 단기카드대출! 응모하면 금리할인,2018.08.01 ~ 2018.08.31
해외에서도 같은 값이면 5~2개월 무이자할부,2018.07.01 ~ 2018.08.31
해외직구X테일리스트 Cool~한 즉시 할인! 인기가전 핫딜!,2018.08.03 ~ 2018.08.31
해피포인트 X CU편의점 해피CU 포인트 체크카드 출시,2018.07.02 ~ 2018.08.31
호남 · 충청 · 제주 8월 가구업체 캐시백,2018.08.01 ~ 2018.08.31
KB국민 체크카드 크리스피크림 도넛 1+1,2018.08.17 ~ 2018.08.26
"KB국민 마스터카드 매주 금요일
라쿠텐 슈퍼포인트 10% 적립",2017.04.07 ~ 2018.08.23
체크카드 Shopping O'Clock,2018.08.03 ~ 2018.08.23
여름엔 Liiv Mate와 함께 ONEstore 3천원 캐쉬!,2018.07.18 ~ 2018.08.17
여름 휴가할인은 어디? 호텔엔조이앱!,2018.07.16 ~ 2018.08.16
2018 Fall in 러브油 캠핑 초청,2018.08.01 ~ 2018.08.15
"떠나요, 둘이서~ 도시의 호캉스 Season 2. 제주",2018.07.16 ~ 2018.08.15
Liiv Mate와 삼성뮤직의 특별한 콜라보레이션!,2018.06.08 ~ 2018.08.06
해외직구X아이포터 배송비 무료쿠폰!,2018.07.09 ~ 2018.08.03
"18만원 청구할인! 스마트폰 구입, 스마트 하게!",2018.07.01 ~ 2018.07.31
"Beyond Value! BeV Ⅴ, Ⅲ 카드 캐시백 혜택",2018.07.01 ~ 2018.07.31
KB국민 롯데월드 제휴카드 종합이용권 할인 이벤트,2018.07.01 ~ 2018.07.31
"KB국민 앱카드 신규회원 최대 10,000점 포인트리 적립",2018.07.01 ~ 2018.07.31
개인사업자 전용 카드 연회비 100% 캐시백,2018.07.01 ~ 2018.07.31
"군대 갔다오니 좋다! KT, LG U+ 특별한 혜택!",2018.07.01 ~ 2018.07.31
동의하세요? 커피 한잔 or 달콤한 아이스크림의 여유!,2018.07.01 ~ 2018.07.31
라이프샵 여행 FIT TOUR! 제휴기념 오픈 이벤트,2018.07.02 ~ 2018.07.31
라이프샵 하나로 모두가 참좋은 해외 패키지 경품!,2018.07.01 ~ 2018.07.31
리브메이트니까 무료다! 신규가입하면 데리콤보 증정!,2018.06.29 ~ 2018.07.31
마음에 드는 선물 마음대로 바꾸는 할부!,2018.06.01 ~ 2018.07.31
목표달성 핫 캐시백!,2018.07.01 ~ 2018.07.31
사장님의 더위사냥 럭키백!,2018.07.01 ~ 2018.07.31
서울랜드 신나는 할인! 할인!,2018.06.01 ~ 2018.07.31
성수기에도 시원한 할인! 원마운트 2인권 할인,2018.07.01 ~ 2018.07.31
스타샵 맛있는 할인 하남돼지집에서 뭐하남?!,2018.02.01 ~ 2018.07.31
스피드메이트 마타도르타이어 3+1 및 정비 할인,2018.06.15 ~ 2018.07.31
쓰면 쓸수록 휴가비를 돌려드려U!,2018.07.01 ~ 2018.07.31
아파트 관리비 자동납부 2만원 캐시백,2018.07.01 ~ 2018.07.31
알·토·캐! 알파원카드로 토익응시료 결제하고 캐시백 받자!,2018.06.01 ~ 2018.07.31
"여름방학, 에버랜드 신나는 할인!",2018.07.01 ~ 2018.07.31
여행의 시작은 할인! 해외호텔 최대 10% 할인,2018.07.01 ~ 2018.07.31
온라인 신규발급 회원 연회비 100% 캐시백,2018.07.01 ~ 2018.07.31
온라인 신규발급 회원 연회비 최대 5만원 캐시백,2018.07.01 ~ 2018.07.31
유니온페이카드 아고다 전세계 호텔 15% 할인,2018.04.20 ~ 2018.07.31
체크카드 Frappe O’ Clock,2018.07.11 ~ 2018.07.31
체크카드+Liiv Mate 신규회원 트리플 혜택,2018.07.02 ~ 2018.07.31
카드로 본인확인 하면 아이폰X가 따라오는 이용후기 이벤트!,2018.06.18 ~ 2018.07.31
하하(夏夏) 학원비 지원 최대 4만원 캐시백,2018.06.01 ~ 2018.07.31
해외에서 긴급할 때 단기카드대출! 응모하면 금리할인,2018.06.29 ~ 2018.07.31
"화제의 생활용품, 특가로 득템!",2018.06.15 ~ 2018.07.31
어딜 가든 좋아! 국제선 항공권 최대 10% 할인,2018.07.02 ~ 2018.07.30
뜨거운 여름 시원한 혜택 KB국민카드 X 용평리조트,2018.07.24 ~ 2018.07.29
알파원카드「Traveling + α」청정+여유 호주 여행 (시드니/골드코스트),2018.06.29 ~ 2018.07.29
화물차 운전자님을 위한 최대 8만원 캐시백,2018.06.26 ~ 2018.07.25
"4주간의 변화 매너가 개(犬)를 만든다, 킹스독!",2018.06.01 ~ 2018.07.22
내 생에 최고의 인형극 경기인형극제 할인,2018.06.08 ~ 2018.07.22
온라인 쇼핑하면 경품이 쏙! 이불 밖은 위험해,2018.06.21 ~ 2018.07.21
케이팜 귀농 귀촌 박람회,2018.07.19 ~ 2018.07.21
"가격보고 반했다, 타이항공 특가",2018.04.01 ~ 2018.07.20
VIP 회원 금호리조트 객실 50% 할인 이벤트,2018.06.01 ~ 2018.07.19
"VIP 회원 소노펠리체/소노빌리지
객실 특별할인!",2017.12.15 ~ 2018.07.19
스타샵 ‘금호리조트’ 객실 할인!,2018.06.01 ~ 2018.07.19
올리브영 썸머어택 스벅 아아 득템!,2018.07.06 ~ 2018.07.19
"AK플라자, 신라면세점 멤버십 혜택에 캐시백까지!",2018.06.22 ~ 2018.07.16
"현대리바트, 가전 받는 가구 혜택!",2018.06.05 ~ 2018.07.16
KB국민 체크카드 크리스피 크림 도넛 1+1,2018.07.06 ~ 2018.07.15
해외직구X비타트라 행복한 즉시할인 & 다이슨 V10 특가!,2018.06.18 ~ 2018.07.15
주유비 할인? MOST만 있으면 최대 5천원!,2018.06.15 ~ 2018.07.14
Summer in Check! 최대 2만원 캐시백!,2018.06.11 ~ 2018.07.11
오토오아시스와 함께! 내 차를 아껴주는 혜택!,2018.06.11 ~ 2018.07.11
체크카드 스타벅스 충전 10% 캐시백,2018.06.11 ~ 2018.07.11
경향하우징페어/홈&라이프스타일 트렌드 특별전,2018.07.05 ~ 2018.07.08
캐리비안베이 50% 현장할인,2018.06.02 ~ 2018.07.06
"5~2, 10개월 무이자할부 시즌3",2018.05.01 ~ 2018.06.30
6월 특급정보~ 온라인 쇼핑 가성비 갑!,2018.06.12 ~ 2018.06.30
6월은 시원하게! 쓰면 쓸수록 돌려드려U!,2018.06.01 ~ 2018.06.30
"Beyond Value! BeV Ⅴ, Ⅲ 카드 캐시백 혜택",2018.06.01 ~ 2018.06.30
"KB국민 JCB카드
일본 여행의 필수품!",2017.08.04 ~ 2018.06.30
KB국민 VISA카드와 함께하는 2018 FIFA World Cup™ 응원준비!,2018.06.01 ~ 2018.06.30
KB국민 고등학교 학생증 체크카드 2018 슬기로운 학카 생활,2018.05.01 ~ 2018.06.30
"KB국민 롯데월드 제휴카드, 종합이용권 할인 이벤트",2018.06.01 ~ 2018.06.30
"KB국민 앱카드 신규회원 최대 10,000점 포인트리 적립",2018.06.01 ~ 2018.06.30
KB국민 유니온페이카드 10%캐시백 바캉스,2018.06.01 ~ 2018.06.30
KB국민 체크카드 탐난다! 탐앤탐스 커피 사이즈업!,2018.04.01 ~ 2018.06.30
Liiv Mate 신규회원 2000P 받고 싶은 사람!,2018.05.01 ~ 2018.06.30
MYOMEE(롯데렌탈)와 함께하는 KB국민카드 캐시백 이벤트 공기청정기 특가전 혜택,2018.04.05 ~ 2018.06.30
PAYCO 포인트가 필요해? Liiv Mate만 있으면 돼!,2018.05.25 ~ 2018.06.30
가정의 달 (Lovely Family) VIP 이벤트,2018.05.01 ~ 2018.06.30
개인사업자 전용 카드 연회비 100% 캐시백,2018.06.01 ~ 2018.06.30
"개인사업자를 위한 지능형 금융비서
장부장(App) 채용 이벤트",2017.07.10 ~ 2018.06.30
군대 갔다오니 좋다! LG U+ 특별한 혜택,2018.06.01 ~ 2018.06.30
까사미아 6월의 Happy Together!,2018.06.01 ~ 2018.06.30
너무나도 아끼고 싶은 15개월 부분무이자할부,2018.04.23 ~ 2018.06.30
"도시가스요금 자동납부 5,000원 캐시백",2018.06.01 ~ 2018.06.30
동의하세요? 커피 한잔 or 달콤한 아이스크림의 여유!,2018.06.01 ~ 2018.06.30
라이프샵 하나로 모두가 참좋은 해외패키지 경품!,2018.06.01 ~ 2018.06.30
몰테일 KB국민카드로 배송료 할인도 받고 워터파크도 가고!,2018.03.30 ~ 2018.06.30
반려인이라면 응모필수! 신세계상품권 1만원,2018.05.19 ~ 2018.06.30
부동산임대료 자동납부 청구할인 최대 2만원,2018.05.01 ~ 2018.06.30
"새로운 변신, 새로운 혜택 라이프샵 골프 리뉴얼 오픈!",2018.05.04 ~ 2018.06.30
생활편의업종 무이자할부,2018.01.01 ~ 2018.06.30
"세금 납부할 때 챙기세요!
무이자할부 혜택",2018.01.01 ~ 2018.06.30
스마트폰 싸게 구입하는 방법,2018.06.01 ~ 2018.06.30
써봤더니 역시! 앱카드~ 땡큐 베리 감사!,2018.06.01 ~ 2018.06.30
아산스파비스 만원의 행복,2018.06.01 ~ 2018.06.30
아파트 관리비 자동납부 2만원 캐시백,2018.06.01 ~ 2018.06.30
얼리 써머 (Early Summer) VIP 이벤트,2018.06.01 ~ 2018.06.30
여행의 시작은 할인! 해외호텔 최대 10% 할인,2018.06.01 ~ 2018.06.30
오! 여름휴가 해외경비 ‘오프로’ 지원!,2018.06.01 ~ 2018.06.30
온라인 신규발급 회원 연회비 100% 캐시백,2018.06.01 ~ 2018.06.30
온라인 신규발급 회원 연회비 최대 5만원 캐시백,2018.06.01 ~ 2018.06.30
유럽 패키지 여행 동반자 20만원 할인!,2018.03.02 ~ 2018.06.30
이태리 최고급 패션 브랜드 라펠라 단독 할인,2018.04.01 ~ 2018.06.30
익스피디아 최대 12% 할인,2018.04.30 ~ 2018.06.30
자동으로 혜택 받는 4대 사회보험 자동납부,2018.05.01 ~ 2018.06.30
체크카드 No pay! No gain! 시즌2,2018.06.01 ~ 2018.06.30
체크카드+Liiv Mate 신규회원 트리플 혜택!,2018.06.01 ~ 2018.06.30
침대는 에이스 혜택은 KB국민카드!,2018.05.18 ~ 2018.06.30
프로야구 좋아하면 리브메이트!,2018.06.08 ~ 2018.06.30
학원비 깎아주는 KB국민 에듀카드 출시!,2018.05.02 ~ 2018.06.30
해외 호텔 예약사이트 한 눈에 할인 비교!,2018.05.14 ~ 2018.06.30
해외경비 지원 프로그램 Global Festa 2018,2018.06.01 ~ 2018.06.30
해외에서 긴급할 때 단기카드대출! 응모하면 금리할인,2018.06.01 ~ 2018.06.30
해외에서도 같은 값이면 5~2개월 무이자할부,2018.03.01 ~ 2018.06.30
호남 · 충청 · 제주 6월 가구업체 캐시백,2018.06.01 ~ 2018.06.30
호텔스닷컴은 15% 할인중,2018.04.01 ~ 2018.06.30
화제의 생활용품 특가로 득템!,2018.05.11 ~ 2018.06.30
KB국민카드 x L.pay L.pay 할인 시그널~,2018.06.20 ~ 2018.06.29
KB국민카드 x LG Pay 할인 잘 해주는 착한 LGPay,2018.06.20 ~ 2018.06.29
국제선 항공권 최대 10% 할인,2018.06.01 ~ 2018.06.29
Liiv Mate와 함께 ONE하는 게임+쇼핑 ONE스토어 3천원 캐쉬!,2018.05.28 ~ 2018.06.28
체크카드 Coffee O' Clock 이벤트 시즌 2,2018.06.05 ~ 2018.06.25
Movie Tonight! 앤트맨과 와스프,2018.06.18 ~ 2018.06.24
금호타이어 신제품 출시기념 이벤트,2018.05.21 ~ 2018.06.23
뮤지컬 <프랑켄슈타인> 1+1 티켓 이벤트,2018.05.28 ~ 2018.06.22
"좋은 인연을 꿈꾸는 그대, 지금 만나러 가듀오!",2018.05.14 ~ 2018.06.22
KB국민 체크카드 크리스피 크림 도넛 1+1,2018.06.11 ~ 2018.06.19
해외직구 몰리(mallRee) 최대 $20 보너스 캐시백,2018.05.23 ~ 2018.06.17
KB국민 마스터카드 오플닷컴 10% 혜택!,2018.05.01 ~ 2018.06.15
KB국민카드로 쓱(SSG페이) 누려라~,2018.06.02 ~ 2018.06.15
시니어를 위한 효(孝)Dog 문화교실,2018.05.12 ~ 2018.06.13
"KB체크카드 체크~질러! 2018 - 시즌2 캐시백, 내 계좌에 저장!",2018.05.10 ~ 2018.06.10
국제아웃도어캠핑&레포츠페스티벌 50% 할인입장,2018.06.08 ~ 2018.06.10
해외직구X아이포터 배송비 무료쿠폰!,2018.05.14 ~ 2018.06.10
가족 뮤지컬 「안녕 자두야」초대 이벤트,2018.05.21 ~ 2018.06.03
"18만원 청구할인 & GS25상품권 증정 스마트폰 구입, 스마트 하게!",2018.05.01 ~ 2018.05.31
2018 가정의 달 Wish Festival,2018.05.01 ~ 2018.05.31
5마이갓! 맛있는 5월!,2018.05.01 ~ 2018.05.31
5마이갓! 싸요~ 사요!,2018.05.01 ~ 2018.05.31
5마이갓! 쓰면 쓸수록 돌려드려U!,2018.05.01 ~ 2018.05.31
"5마이갓, 목표달성 캐시백",2018.05.01 ~ 2018.05.31
Beyond Value! BeV Ⅴ카드 캐시백 혜택,2018.05.01 ~ 2018.05.31
KB국민 VISA기업카드 국제선 항공권 캐시백,2018.04.16 ~ 2018.05.31
KB국민 롯데월드 제휴카드 종합이용권 할인 이벤트,2018.05.01 ~ 2018.05.31
KB국민 아멕스카드 NET-A-PORTER / MR.PORTER 10% 캐시백,2018.05.01 ~ 2018.05.31
"KB국민 앱카드 신규회원 최대 10,000점 포인트리 적립",2018.05.01 ~ 2018.05.31
KB국민체크카드와 함께 트와이스 팬미팅!,2018.05.01 ~ 2018.05.31
KB국민카드 해외이용 Global Festa 2018,2018.05.01 ~ 2018.05.31
"PUSH 수신 동의하고, 커피 한잔의 여유갖Go! 아이스크림으로 달콤하Go!",2018.05.08 ~ 2018.05.31
kB국민 국방(충성) 멤버쉽카드 가정의 달 최대 50만원 캐시백!,2018.05.01 ~ 2018.05.31
가위바위보 즉석당첨 게임!!,2018.05.02 ~ 2018.05.31
가정의 달에도 Liiv Mate와 함께~,2018.05.01 ~ 2018.05.31
가정의 달이니까~ 롯데워터파크 현장할인,2018.05.01 ~ 2018.05.31
개인사업자 전용 카드 연회비 100% 캐시백,2018.05.01 ~ 2018.05.31
까사미아 5월 Happy Together,2018.05.01 ~ 2018.05.31
"도시가스요금 자동납부 5,000원 캐시백!",2018.05.01 ~ 2018.05.31
"등록하GO! 캐시백 받GO! SecurePay 신규 등록회원 캐시백 3,000원 지급",2018.05.01 ~ 2018.05.31
라이프샵 하나로 모두가 참좋은 해외패키지 경품!,2018.05.01 ~ 2018.05.31
"롯데월드 종합이용권,연간회원권 현장할인",2018.04.20 ~ 2018.05.31
리브메이트니까 무료다! 신규가입하면 데리콤보 증정!,2018.05.04 ~ 2018.05.31
"매너가 개(犬)를 만든다, 킹스독!",2018.03.30 ~ 2018.05.31
물 좋은데서 놀자! 아산스파비스 60% 현장할인,2018.05.01 ~ 2018.05.31
봄바람 타고 찾아온 신나는 서울랜드 현장할인!,2018.05.01 ~ 2018.05.31
봄봄 학원비 지원 최대 5만원 캐시백,2018.04.03 ~ 2018.05.31
셋이 가면 한명은 공짜! 원마운트 2+1,2018.05.01 ~ 2018.05.31
스피드메이트 타이어/정비 최대 20% 할인,2018.05.01 ~ 2018.05.31
아파트 관리비 자동납부 2만원 캐시백,2018.05.01 ~ 2018.05.31
어딜 가든 좋아! 국제선 항공권 최대 7% 할인,2018.04.30 ~ 2018.05.31
여행의 시작은 할인! 해외호텔 최대 10% 할인,2018.05.02 ~ 2018.05.31
"여행주간 함께 하는 내 나라 여행 강원도, 전라도편",2018.04.18 ~ 2018.05.31
온라인 쇼핑! 혜택 트렌드 모음,2018.05.16 ~ 2018.05.31
온라인 신규발급 회원 연회비 100% 캐시백,2018.05.01 ~ 2018.05.31
올 여름엔 호텔 바캉스! 도시의 호캉스 Season 1. 서울,2018.05.01 ~ 2018.05.31
일룸에서 받고 싶은 꿈 이룸,2018.04.01 ~ 2018.05.31
체크카드 + Liiv Mate 신규발급 트리플 혜택!,2018.05.01 ~ 2018.05.31
최대 10만원! 가정의 달 해외여행비 지원 프로젝트,2018.05.01 ~ 2018.05.31
"캐리어를 끄는 순간 따라오는
인천공항 할인 혜택!",2017.06.01 ~ 2018.05.31
캐시백 + 경품! 예뻐지는 더블 찬스!,2018.04.13 ~ 2018.05.31
한샘 건강한 가정의 달 혜택,2018.05.01 ~ 2018.05.31
해외에서 국내처럼 수수료 0원! 해외수수료 전액 캐시백,2018.03.01 ~ 2018.05.31
호남 · 충청 · 제주 가구업체 5월 풍성한 혜택!,2018.05.01 ~ 2018.05.31
"호남, 충청 듀오와 함께 행복 찾아 듀오",2018.04.01 ~ 2018.05.31
화제의 생활용품 특가로 득템!,2018.04.04 ~ 2018.05.31
"휘닉스 평창,제주 객실 패키지 할인이벤트",2018.04.03 ~ 2018.05.31
어딜 가든 좋아! 국제선 항공권 최대 12% 할인,2018.05.23 ~ 2018.05.30
2주간의 진짜 웨딩혜택! No.1 아이웨딩의 아이위크!,2018.05.18 ~ 2018.05.27
내 손으로 꾸미는 2018 셀프인테리어코리아페어 무료입장!,2018.05.24 ~ 2018.05.27
체크카드 Family O’ Clock 이벤트,2018.04.27 ~ 2018.05.23
해외직구 ‘테일리스트’ 즉시할인(최대 $15) X 무료배송!!,2018.04.23 ~ 2018.05.23
해외 주요 도시 여행 전 필독! T Galleria by DFS 면세점 사은 혜택,2018.04.01 ~ 2018.05.22
가정의달 건강선물 정관장 청구할인,2018.04.27 ~ 2018.05.21
학습지 추가할인 + 다이슨 V8까지! 교원구몬 KB국민카드 출시!,2018.03.02 ~ 2018.05.21
KB국민 아이행복/아이사랑카드 롯데월드 언더씨킹덤 만원의 행복,2018.03.29 ~ 2018.05.20
체크러시! 매주 금토 1만원 할인러시!,2018.02.23 ~ 2018.05.19
라이프샵 컬처 뮤지컬 「맨오브라만차」 1+1 티켓 이벤트,2018.04.27 ~ 2018.05.18
11번째 특별한 테이블 다이닝스타(Dining Star),2018.05.11 ~ 2018.05.17
가정의달 감사선물 참다한 홍삼 청구할인,2018.04.27 ~ 2018.05.16
KB국민체크카드 크리스피 크림 도넛 1+1,2018.05.07 ~ 2018.05.15
리브메이트 & 네이버페이의 운명적 만남,2018.04.16 ~ 2018.05.15
해피포인트 THE 맛있는 캠핑 시즌 12 초청이벤트!,2018.04.30 ~ 2018.05.14
백화점 쇼핑지원 ‘캐시백 + 상품권’ 더블혜택,2018.04.27 ~ 2018.05.13
"꼭 간다, 전주국제영화제 10% 할인",2018.05.03 ~ 2018.05.12
체크카드 매일매일 캐시백 첵첵!,2018.04.12 ~ 2018.05.12
LA PERLA Summer Holiday 커플 스타일링 클래스,2018.05.02 ~ 2018.05.09
KB국민카드와 CGV의 특급 콜라보~ CGV 영화 + 콤보 할인,2018.04.16 ~ 2018.05.04
일시불 할부전환 이벤트,2018.04.05 ~ 2018.05.04
18만원 청구할인 슈퍼 그레잇~ 스마트폰 구입하면 따라오는 추가 혜택,2018.04.01 ~ 2018.04.30
2018 Spring in 러브油 캠핑 초청,2018.04.13 ~ 2018.04.30
"4월에도 호남, 충청, 제주 학원업체 캐시백 드림!",2018.04.01 ~ 2018.04.30
"5~2, 10개월 무이자할부 시즌2",2018.03.01 ~ 2018.04.30
Beyond Value! BeV Ⅴ카드 캐시백 혜택,2018.04.01 ~ 2018.04.30
KB국민 롯데월드 제휴카드 종합이용권 할인 이벤트,2018.04.01 ~ 2018.04.30
KB국민 아멕스카드 매치스 패션 15% 캐시백,2018.04.01 ~ 2018.04.30
"KB국민 앱카드 신규회원 최대 10,000점 포인트리 적립",2018.04.01 ~ 2018.04.30
Liiv Mate 신규회원 2000P 받고 싶은 사람!,2018.04.01 ~ 2018.04.30
같이 가면 이득! 스타샵 할인 + 롯데워터파크 동반인 추가할인,2018.03.31 ~ 2018.04.30
개인사업자 전용 카드 연회비 100% 캐시백,2018.04.01 ~ 2018.04.30
건강보험 · 국민연금 · 고용보험 · 산재보험 4대 사회보험 자동납부 이벤트,2018.03.01 ~ 2018.04.30
골프 좀 치는 사람들의 즐거운 혜택,2018.03.28 ~ 2018.04.30
꽃피는 4월에도~ 쓰면 쓸수록 돌려드려U!,2018.04.05 ~ 2018.04.30
도시가스요금 자동납부하고 캐시백 받자!,2018.04.01 ~ 2018.04.30
"라이프샵 하나로, 해외패키지 경품증정!",2018.04.02 ~ 2018.04.30
롯데월드 아쿠아리움 연간회원권 현장할인,2018.03.09 ~ 2018.04.30
마음도 요금도 가볍게 제주항공 할인!,2018.03.14 ~ 2018.04.30
먼지가 뭔지도 모를 청정 혜택,2018.04.05 ~ 2018.04.30
부동산임대료 자동납부 청구할인 최대 2만원,2018.04.01 ~ 2018.04.30
"새차를 사는 현명한 방법!
새차타GO~ 할인받GO",2017.05.01 ~ 2018.04.30
써본사람은 알아요! 혜택이 이어지는 해외이용캐시백,2018.04.01 ~ 2018.04.30
아파트 관리비 자동납부 2만원 캐시백,2018.04.01 ~ 2018.04.30
안경점 갈 때 우리가 챙겨야 할 혜택,2018.03.21 ~ 2018.04.30
"에버랜드 봄소풍 준비물은? 즉시할인, KB국민카드!",2018.04.01 ~ 2018.04.30
여행의 시작은 할인 해외호텔 최대 10% 할인,2018.04.02 ~ 2018.04.30
온라인 신규발급 회원 연회비 100% 캐시백,2018.04.01 ~ 2018.04.30
온라인쇼핑 가성비갑! 혜택 트렌드 모음,2018.04.10 ~ 2018.04.30
졸업 & 입학 축하! LTE 노트북 청구할인!,2018.02.07 ~ 2018.04.30
"체크카드 봄날, 벚꽃 그리고 쇼핑",2018.04.02 ~ 2018.04.30
체크카드 신규발급! Liiv Mate 신규가입! 누리자 더블혜택 7000!,2018.04.01 ~ 2018.04.30
타이어 / 정비 최대 40% 할인 스피드메이트,2018.04.01 ~ 2018.04.30
하나투어 X 와이페이모어와 함께 받고 또 받는 해외여행!,2018.04.01 ~ 2018.04.30
혜택 만개~신나는 봄이 왔개 KB국민 펫코노미 서비스,2018.03.19 ~ 2018.04.30
"혜택정보 PUSH 신청, 최대 30만원 캐시백!",2018.04.06 ~ 2018.04.30
"호남,충청,제주 가구업체 4월 혜택이 활짝!",2018.04.01 ~ 2018.04.30
"예비·초보 엄마, 아빠라면 2018 「코엑스 코베베이비페어」 무료 입장",2018.04.26 ~ 2018.04.29
익스피디아는 8% 할인중,2018.04.01 ~ 2018.04.29
체크카드 Love O’ Clock 이벤트,2018.04.09 ~ 2018.04.29
한눈에 보는 건축 트렌드 2018 서울건축박람회 무료 입장!,2018.04.26 ~ 2018.04.29
라이프샵 컬처 뮤지컬 <빌리엘리어트> 1+1 티켓 이벤트,2018.04.06 ~ 2018.04.27
어딜 가든 좋아! 국제선 항공권 최대 7% 할인,2018.04.02 ~ 2018.04.27
해외직구 비타트라 최대 $30 즉시할인 & 다이슨 반짝세일,2018.03.30 ~ 2018.04.23
박인비 LPGA 파운더스컵 우승 기념 이벤트 1.9. 럭키샷을 날려라!,2018.03.23 ~ 2018.04.22
반값다! 국내 최대 2018 SEOUL VRㆍAR EXPO,2018.04.19 ~ 2018.04.22
"KB체크카드 체크~질러! 2018 시즌1 캐시백, 내 계좌에 저장!",2018.03.20 ~ 2018.04.20
"어서와, KB와 여행은 처음이지? S1. 체코 + 오스트리아",2018.03.21 ~ 2018.04.20
VIP초청 인피니티 FRIDAY,2018.04.11 ~ 2018.04.16
알파원카드로 학생증체크카드 쓰고 맥북에어 갖즈아,2018.03.16 ~ 2018.04.16
리브메이트 & 네이버페이의 운명적 만남,2018.03.12 ~ 2018.04.15
백화점 쇼핑지원 캐시백 + 상품권 더블혜택,2018.03.29 ~ 2018.04.15
KB국민카드 X LG페이 LG페이로 누리는 10% 할인 행복,2018.03.15 ~ 2018.04.14
KB국민 체크카드 스탬프콩콩 2018년 시즌 1,2018.03.06 ~ 2018.04.11
일본에서도 손꼽히는 도큐백화점 필수혜택,2018.02.20 ~ 2018.04.11
갤럭시S9 출시기념 KB국민카드 X 삼성페이 포인트리 꿀이득,2018.03.09 ~ 2018.04.08
2018 광주 경향하우징페어 / 리빙앤라이프스타일,2018.03.29 ~ 2018.04.01
2018년엔 호텔스닷컴 15% 할인받자!,2018.01.03 ~ 2018.03.31
"3월, 뜻밖의 3가지 행운",2018.03.02 ~ 2018.03.31
3월에도 쓰면 쓸수록 돌려드려U!,2018.03.02 ~ 2018.03.31
Beyond Value! BeV Ⅴ카드 캐시백 혜택,2018.03.01 ~ 2018.03.31
"JCB카드, 아마존재팬 할인에 할인을 더하다!",2018.02.26 ~ 2018.03.31
KB국민 JCB카드 익스피디아 13% 할인!,2018.01.01 ~ 2018.03.31
KB국민 롯데월드 제휴카드 자유이용권 할인 이벤트,2018.03.01 ~ 2018.03.31
KB국민 비자카드로 캐시백 + 경품 받고 해외이용 즐겨봄!,2018.03.01 ~ 2018.03.31
"KB국민 앱카드 신규등록 회원 최대 10,000점 포인트리 적립",2018.03.01 ~ 2018.03.31
"KB국민 체크카드 탐난다!
탐앤탐스 커피 사이즈업!",2018.01.01 ~ 2018.03.31
"VIP 회원 금호리조트
객실 50% 할인 이벤트",2017.11.20 ~ 2018.03.31
VIP 회원 롯데호텔앤리조트 Enjoy & Relax 패키지 할인,2018.02.05 ~ 2018.03.31
도시가스요금 자동납부하고 캐시백 받자!,2018.03.01 ~ 2018.03.31
마이테레사(My Theresa) 15% 캐시백,2018.03.01 ~ 2018.03.31
"방콕 여행 가세요?
시암파라곤 특별 우대 혜택",2017.10.01 ~ 2018.03.31
봄 황사대비 득템찬스!,2018.03.08 ~ 2018.03.31
봄날엔 리브메이트 혜택 한번 받아봄~,2018.03.01 ~ 2018.03.31
부동산임대료 자동납부 최대 2만원 청구할인,2018.03.01 ~ 2018.03.31
새학기맞이 학원비 절감 최대 2만원 캐시백,2018.02.19 ~ 2018.03.31
"새해에도 신나는 할인여행
익스피디아 8% 할인!",2018.01.01 ~ 2018.03.31
슈퍼 그레잇~ 온라인 쇼핑 혜택,2018.03.14 ~ 2018.03.31
스마트폰 구입 더이상 헤매지 말자! 최대 18만원 청구할인,2018.03.01 ~ 2018.03.31
"스타샵 금호리조트
새해맞이 객실 할인!",2018.01.01 ~ 2018.03.31
아파트 관리비 자동납부 캐시백 이벤트,2018.03.01 ~ 2018.03.31
에이스침대 설레는 더블 혜택,2018.03.01 ~ 2018.03.31
여행의 시작은 할인 해외호텔 최대 10% 할인,2018.03.01 ~ 2018.03.31
온라인 신규발급 회원 연회비 100% 캐시백,2018.03.01 ~ 2018.03.31
"응모하라, 예뻐지는 봄맞이 美축제!",2018.03.08 ~ 2018.03.31
일시불 할부전환 이벤트,2018.03.02 ~ 2018.03.31
타이어 / 정비 최대 40% 할인 스피드메이트,2018.03.01 ~ 2018.03.31
탄탄대로 응모쉽게! 당첨쉽Get!,2018.02.22 ~ 2018.03.31
"해외 주요 도시 여행 전 필독!
T Galleria by DFS 면세점 사은 혜택",2017.10.01 ~ 2018.03.31
해피 뉴 이어 (Happy new year) VIP 시즈널 이벤트,2018.02.01 ~ 2018.03.31
"혜택 PUSH 받고, 스타벅스 아메리카노 한잔하세요!",2018.03.12 ~ 2018.03.31
"호남, 충청, 제주 가구업체 새봄맞이 혜택드림!",2018.03.01 ~ 2018.03.31
황금 개띠해도 앱카드랑 같이 가즈아!,2018.03.01 ~ 2018.03.31
배송비 무료쿠폰! 바로가기! 해외직구 아이포터,2018.03.07 ~ 2018.03.30
체크카드 온라인 신규발급 웰컴 캐시백 5000!,2018.03.01 ~ 2018.03.30
해외직구 몰리(mallRee) 명품쇼핑 보너스 캐시백,2018.02.28 ~ 2018.03.30
어딜 가든 좋아! 국제선 항공권 최대 7% 할인,2018.03.05 ~ 2018.03.29
"매너가 개(犬)를 만든다, 킹스독!",2018.02.19 ~ 2018.03.25
"예비 초보 엄마, 아빠라면 2018 코베 베이비페어 무료 초청",2018.03.22 ~ 2018.03.25
"KB국민 유니온페이 카드 괌,홍콩, 오키나와 항공권 동반자 1인무료",2018.03.15 ~ 2018.03.21
체크카드 Coffee O' Clock,2018.03.01 ~ 2018.03.21
일본 대형 할인 마트 5% 캐시백,2017.12.18 ~ 2018.03.18
두번 받는 주유 캐시백 2탄!,2018.01.21 ~ 2018.03.17
"우리 아이 새학기 완벽준비 정관장 홍이장군, 아이패스 할인!",2018.02.23 ~ 2018.03.15
체크카드 2018 컬쳐 브리즈 시즌1 뮤지컬 명성황후 초대,2018.02.12 ~ 2018.03.14
2018 코베 베이비페어 무료입장,2018.03.08 ~ 2018.03.11
해외 명품 온라인 쇼핑몰 YOOX.COM 최대 20% 즉시할인,2018.02.01 ~ 2018.03.11
알파원과 스타벅스의 꿀라보레이션 스타벅스 모바일 상품권 증정,2018.02.12 ~ 2018.03.09
KB국민 국방(충성) 멤버쉽카드 최대 50만원 캐시백,2018.02.09 ~ 2018.03.08
"No.1 아이웨딩의 그뤠잇한 웨딩혜택전, 아이위크!",2018.02.23 ~ 2018.03.04
모두 현장할인! 너도 나도 캐리비안베이,2018.02.01 ~ 2018.03.04
스키타든 외식하든 든든한 겨울혜택!,2018.02.09 ~ 2018.03.04
Wish Festival Winter,2017.12.01 ~ 2018.03.02
롯데워터파크 따끈따끈 할인 이벤트!,2017.12.26 ~ 2018.03.01
2018 The Big Welcome 캐시백!,2018.01.02 ~ 2018.02.28
"2018년 1,000원 환율 Guarantee!",2018.02.05 ~ 2018.02.28
"5~2, 10개월 무이자할부 시즌1",2018.01.01 ~ 2018.02.28
KB국민 롯데월드 제휴카드 자유이용권 할인 이벤트,2018.02.13 ~ 2018.02.28
KB국민 아이행복카드 새해에도 아이 행복한 혜택!,2018.01.15 ~ 2018.02.28
"KB국민 앱카드 신규등록 회원 최대 10,000점 포인트리 적립",2018.02.01 ~ 2018.02.28
LH/SH 공공임대료 자동납부 최대 1만원 캐시백!,2018.02.01 ~ 2018.02.28
건강보험 · 국민연금 · 고용보험 · 산재보험 4대 사회보험 자동납부 이벤트,2018.01.01 ~ 2018.02.28
도시가스요금 카드자동납부 캐시백 이벤트,2018.02.01 ~ 2018.02.28
"라이프샵 하나로, 모두가 참좋은 해외여행!",2018.02.01 ~ 2018.02.28
리브메이트와 OK캐쉬백이 만나면? 스타벅스 커피에 리워드까지!,2018.02.01 ~ 2018.02.28
부동산임대료 자동납부 최대 2만원 캐시백!,2018.02.01 ~ 2018.02.28
사장님의 우와!한 설 이벤트,2018.02.07 ~ 2018.02.28
"설 명절 맞아, 리브메이트 이 혜택 다 내꺼 맞아?!",2018.02.01 ~ 2018.02.28
설맞이 Wish Festival,2018.02.01 ~ 2018.02.28
설맞이 건강식품 득템 찬스!,2018.01.18 ~ 2018.02.28
스마트폰 구입 더이상 헤매지 말자!,2018.02.01 ~ 2018.02.28
아파트 관리비 자동납부 캐시백 이벤트,2018.02.01 ~ 2018.02.28
어딜 가든 좋아! 국제선 항공권 최대 12% 할인,2018.02.01 ~ 2018.02.28
여행의 시작은 할인 해외호텔 최대 10% 할인,2018.02.01 ~ 2018.02.28
온라인 신규발급 회원 연회비 100% 캐시백,2018.02.01 ~ 2018.02.28
즉시할인+무료배송 혜택까지! 똑똑한 해외직구 테일리스트,2018.01.31 ~ 2018.02.28
"즐거운 할인바람 타고~!
서울랜드 현장 할인",2017.11.01 ~ 2018.02.28
체크카드 온라인 신규발급 웰컴 캐시백 5000!,2018.02.12 ~ 2018.02.28
"최대 20만원! 해외대학등록금은
캐시백 받고 내는 게 정답!",2018.01.02 ~ 2018.02.28
해외에서 국내처럼 수수료 0원! 해외수수료 전액 캐시백,2018.02.01 ~ 2018.02.28
"해외에서도 같은 값이면
5~2개월 무이자할부",2018.01.01 ~ 2018.02.28
"황금개띠해 福 가득, 얼마나 좋개요!",2018.02.01 ~ 2018.02.28
KB국민카드 스타샵 포인트리 럭키 세븐데이즈!,2018.01.07 ~ 2018.02.27
체크카드 대한민국 금빛 기원! 경품 이벤트,2018.02.09 ~ 2018.02.25
쓰면 쓸수록 돌려드려U 캐시백,2018.01.24 ~ 2018.02.23
대형슈퍼에서 설맞이 혜택 많이 받았설~,2018.01.26 ~ 2018.02.18
백화점 쇼핑지원 캐시백 + 상품권 더블혜택,2018.01.26 ~ 2018.02.18
새해 럭셔리 힐링선물! 익스피디아 할인 + 호텔숙박권,2018.01.18 ~ 2018.02.18
설레는 선물~ 정관장 더블 찬스!,2018.01.26 ~ 2018.02.18
"자몽의 새이름 MOST,지금 바로 주유혜택 확인!",2018.01.17 ~ 2018.02.18
체크카드로 설준비 최대 1만원 캐시백 받즈아!,2018.02.01 ~ 2018.02.18
"호남, 충청, 제주 설맞이 더블 이벤트",2018.02.01 ~ 2018.02.17
"KB국민 유니온페이 카드 하와이
항공권 사면 기타큐슈 항공권이 공짜!",2017.12.07 ~ 2018.02.16
2018년 설맞이 대형마트 현명한 장바구니 혜택,2018.02.01 ~ 2018.02.15
체크카드 Valentine Random Box 이벤트,2018.01.22 ~ 2018.02.14
KB국민 롯데월드 제휴카드 자유이용권 할인 이벤트,2018.02.01 ~ 2018.02.12
해외직구는 비타트라에서! 꿀이득! 즉시할인 & 무료배송!,2018.01.12 ~ 2018.02.11
